Order_ID,Distance_km,Weather,Traffic_Level,Time_of_Day,Vehicle_Type,Preparation_Time_min,Courier_Experience_yrs,Delivery_Time_min,Experience_Category
522,7.93,Windy,Low,Afternoon,Scooter,12,1.0,43,Pemula (0-2 thn)
738,16.42,Clear,Medium,Evening,Bike,20,2.0,84,Pemula (0-2 thn)
741,9.52,Foggy,Low,Night,Scooter,28,1.0,59,Pemula (0-2 thn)
661,7.44,Rainy,Medium,Afternoon,Scooter,5,1.0,37,Pemula (0-2 thn)
412,19.03,Clear,Low,Morning,Bike,16,5.0,68,Menengah (3-5 thn)
679,19.4,Clear,Low,Evening,Scooter,8,9.0,57,Senior (6+ thn)
627,9.52,Clear,Low,Morning,Bike,12,1.0,49,Pemula (0-2 thn)
514,17.39,Clear,Medium,Evening,Scooter,5,6.0,46,Senior (6+ thn)
860,1.78,Snowy,Low,Evening,Car,20,6.0,35,Senior (6+ thn)
137,10.62,Foggy,Low,Evening,Scooter,29,1.0,73,Pemula (0-2 thn)
812,16.86,Snowy,Medium,Afternoon,Car,13,4.0,88,Menengah (3-5 thn)
77,15.54,Clear,Low,Night,Bike,29,1.0,76,Pemula (0-2 thn)
637,10.89,Clear,High,Night,Bike,12,5.0,53,Menengah (3-5 thn)
974,4.69,Rainy,Medium,Evening,Scooter,12,7.0,36,Senior (6+ thn)
939,2.8,Clear,High,Morning,Scooter,10,5.0,33,Menengah (3-5 thn)
900,2.17,Snowy,Low,Evening,Car,15,3.0,35,Menengah (3-5 thn)
281,17.86,Rainy,Low,Afternoon,Bike,5,1.0,50,Pemula (0-2 thn)
884,2.53,Snowy,Low,Morning,Bike,6,8.0,24,Senior (6+ thn)
762,6.58,Foggy,Low,Evening,Car,6,7.0,27,Senior (6+ thn)
320,5.38,Clear,Medium,Evening,Scooter,26,1.0,47,Pemula (0-2 thn)
550,15.56,Rainy,Low,Afternoon,Scooter,28,0.0,72,Pemula (0-2 thn)
175,13.08,Rainy,Low,Morning,Car,16,4.0,58,Menengah (3-5 thn)
372,0.86,Clear,High,Afternoon,Bike,26,5.0,37,Menengah (3-5 thn)
528,5.83,Clear,High,Evening,Car,27,9.0,56,Senior (6+ thn)
211,11.2,Clear,Medium,Morning,Bike,23,5.0,73,Menengah (3-5 thn)
236,14.59,Clear,Medium,Morning,Bike,15,6.0,64,Senior (6+ thn)
102,12.91,Windy,Medium,Evening,Bike,11,6.0,56,Senior (6+ thn)
987,13.92,Snowy,Low,Morning,Scooter,18,4.0,70,Menengah (3-5 thn)
903,4.04,Snowy,Low,Night,Bike,11,9.0,70,Senior (6+ thn)
948,18.05,Clear,Medium,Evening,Scooter,10,7.0,123,Senior (6+ thn)
347,12.88,Clear,Medium,Morning,Scooter,8,5.0,52,Menengah (3-5 thn)
140,19.45,Rainy,High,Morning,Scooter,20,6.0,108,Senior (6+ thn)
622,4.58,Clear,High,Morning,Scooter,22,9.0,45,Senior (6+ thn)
500,19.73,Foggy,Medium,Evening,Bike,27,4.0,111,Menengah (3-5 thn)
371,2.47,Windy,Medium,Morning,Bike,27,2.0,44,Pemula (0-2 thn)
199,17.8,Snowy,Medium,Morning,Bike,16,9.0,73,Senior (6+ thn)
688,5.96,Clear,Medium,Afternoon,Bike,22,7.0,45,Senior (6+ thn)
585,12.85,Windy,Medium,Afternoon,Scooter,18,7.0,61,Senior (6+ thn)
902,1.02,Clear,Medium,Afternoon,Bike,25,4.0,34,Menengah (3-5 thn)
60,6.84,Rainy,Medium,Night,Car,14,8.0,47,Senior (6+ thn)
329,8.68,Rainy,Medium,Morning,Bike,8,5.0,52,Menengah (3-5 thn)
97,10.69,Clear,Medium,Night,Bike,25,9.0,67,Senior (6+ thn)
313,0.99,Clear,Medium,Evening,Bike,15,5.0,32,Menengah (3-5 thn)
975,1.11,Clear,Low,Morning,Bike,5,6.0,8,Senior (6+ thn)
300,2.16,Snowy,Low,Evening,Scooter,15,0.0,36,Pemula (0-2 thn)
278,13.17,Windy,Medium,Afternoon,Bike,16,4.0,67,Menengah (3-5 thn)
925,8.79,Snowy,Low,Night,Bike,14,6.0,43,Senior (6+ thn)
602,5.93,Clear,Low,Afternoon,Scooter,19,3.0,36,Menengah (3-5 thn)
440,2.09,Rainy,Low,Night,Bike,23,2.0,36,Pemula (0-2 thn)
838,7.57,Clear,Low,Morning,Bike,21,0.0,56,Pemula (0-2 thn)
571,10.52,Rainy,Medium,Afternoon,Scooter,8,4.0,56,Menengah (3-5 thn)
880,4.83,Rainy,Low,Morning,Car,25,9.0,47,Senior (6+ thn)
262,19.81,Snowy,Medium,Afternoon,Car,20,5.0,104,Menengah (3-5 thn)
579,10.1,Rainy,Low,Evening,Car,8,4.0,50,Menengah (3-5 thn)
24,7.64,Windy,Low,Afternoon,Car,10,8.0,31,Senior (6+ thn)
31,12.35,Clear,Low,Morning,Scooter,10,6.0,35,Senior (6+ thn)
618,5.9,Rainy,Low,Evening,Car,26,9.0,44,Senior (6+ thn)
11,0.9,Clear,Low,Afternoon,Bike,20,8.0,23,Senior (6+ thn)
222,11.58,Clear,Medium,Morning,Scooter,16,2.0,61,Pemula (0-2 thn)
821,16.16,Clear,High,Afternoon,Bike,11,1.0,82,Pemula (0-2 thn)
297,15.51,Clear,Low,Evening,Bike,17,9.0,69,Senior (6+ thn)
55,12.16,Windy,High,Evening,Scooter,11,0.0,69,Pemula (0-2 thn)
543,4.96,Rainy,High,Morning,Bike,21,0.0,60,Pemula (0-2 thn)
210,3.64,Windy,High,Evening,Bike,17,6.0,40,Senior (6+ thn)
605,2.85,Clear,Low,Morning,Scooter,26,0.0,38,Pemula (0-2 thn)
693,10.4,Clear,Low,Evening,Bike,16,4.0,52,Menengah (3-5 thn)
663,12.31,Windy,Low,Morning,Bike,29,4.0,68,Menengah (3-5 thn)
867,3.53,Clear,Medium,Afternoon,Bike,13,7.0,31,Senior (6+ thn)
71,15.56,Clear,Medium,Evening,Bike,14,3.0,54,Menengah (3-5 thn)
544,13.6,Clear,Medium,Afternoon,Bike,27,0.0,87,Pemula (0-2 thn)
108,15.23,Snowy,High,Morning,Bike,5,0.0,62,Pemula (0-2 thn)
494,4.17,Clear,Low,Evening,Scooter,5,1.0,22,Pemula (0-2 thn)
591,3.21,Rainy,High,Night,Scooter,16,0.0,42,Pemula (0-2 thn)
742,6.38,Snowy,Low,Evening,Bike,16,1.0,111,Pemula (0-2 thn)
293,16.54,Rainy,Low,Afternoon,Scooter,6,7.0,51,Senior (6+ thn)
290,12.02,Clear,Low,Morning,Car,9,7.0,41,Senior (6+ thn)
653,11.94,Clear,Low,Evening,Bike,20,3.0,69,Menengah (3-5 thn)
40,9.08,Clear,Low,Afternoon,Scooter,14,5.0,49,Menengah (3-5 thn)
590,3.46,Snowy,Medium,Morning,Scooter,23,3.0,48,Menengah (3-5 thn)
308,6.8,Foggy,Medium,Morning,Scooter,13,7.0,46,Senior (6+ thn)
680,17.38,Rainy,Medium,Afternoon,Scooter,11,2.0,92,Pemula (0-2 thn)
67,3.25,Clear,Low,Morning,Bike,23,7.0,32,Senior (6+ thn)
276,10.28,Clear,Medium,Evening,Scooter,29,3.0,71,Menengah (3-5 thn)
68,16.14,Clear,Low,Night,Car,6,9.0,65,Senior (6+ thn)
319,3.55,Clear,Medium,Evening,Bike,23,0.0,43,Pemula (0-2 thn)
549,10.65,Clear,Medium,Afternoon,Scooter,23,8.0,58,Senior (6+ thn)
999,19.03,Clear,Low,Afternoon,Car,26,5.0,68,Menengah (3-5 thn)
715,7.3,Clear,Low,Night,Scooter,14,7.0,28,Senior (6+ thn)
754,7.03,Clear,Low,Evening,Scooter,21,1.0,44,Pemula (0-2 thn)
328,12.43,Snowy,Low,Afternoon,Car,12,0.0,70,Pemula (0-2 thn)
383,12.76,Windy,High,Morning,Scooter,27,5.0,74,Menengah (3-5 thn)
452,11.39,Rainy,High,Evening,Scooter,14,1.0,72,Pemula (0-2 thn)
523,19.41,Clear,Low,Morning,Car,7,3.0,48,Menengah (3-5 thn)
219,13.17,Rainy,High,Evening,Scooter,17,8.0,69,Senior (6+ thn)
788,8.32,Rainy,Low,Afternoon,Car,12,2.0,49,Pemula (0-2 thn)
437,1.92,Clear,Low,Morning,Bike,8,7.0,14,Senior (6+ thn)
765,1.15,Clear,Low,Afternoon,Scooter,26,4.0,30,Menengah (3-5 thn)
89,17.8,Windy,High,Afternoon,Car,12,9.0,73,Senior (6+ thn)
64,7.46,Clear,Medium,Evening,Bike,8,5.0,42,Menengah (3-5 thn)
827,7.25,Clear,Medium,Afternoon,Scooter,18,4.0,45,Menengah (3-5 thn)
717,16.7,Clear,Medium,Afternoon,Scooter,28,1.0,76,Pemula (0-2 thn)
352,17.2,Rainy,High,Afternoon,Scooter,14,2.0,94,Pemula (0-2 thn)
937,0.86,Clear,Medium,Afternoon,Car,21,7.0,28,Senior (6+ thn)
257,18.76,Clear,Medium,Evening,Car,15,2.0,80,Pemula (0-2 thn)
636,9.22,Clear,Medium,Afternoon,Car,18,9.0,57,Senior (6+ thn)
645,2.84,Clear,Low,Evening,Scooter,24,2.0,35,Pemula (0-2 thn)
555,17.59,Clear,Low,Morning,Bike,24,6.0,69,Senior (6+ thn)
960,14.89,Snowy,High,Morning,Scooter,17,6.0,87,Senior (6+ thn)
169,1.3,Clear,Medium,Evening,Bike,22,4.0,31,Menengah (3-5 thn)
918,18.99,Rainy,High,Afternoon,Bike,10,6.0,70,Senior (6+ thn)
529,1.6,Foggy,Low,Night,Scooter,24,5.0,37,Menengah (3-5 thn)
824,8.26,Snowy,Low,Afternoon,Bike,15,1.0,57,Pemula (0-2 thn)
986,10.16,Clear,High,Night,Bike,12,5.0,52,Menengah (3-5 thn)
817,12.03,Clear,Medium,Morning,Car,20,5.0,65,Menengah (3-5 thn)
87,14.73,Rainy,Low,Afternoon,Bike,24,6.0,74,Senior (6+ thn)
433,12.56,Clear,High,Evening,Bike,17,5.0,69,Menengah (3-5 thn)
185,5.53,Clear,Medium,Afternoon,Bike,19,1.0,44,Pemula (0-2 thn)
979,10.18,Foggy,Medium,Morning,Bike,25,3.0,73,Menengah (3-5 thn)
535,15.5,Clear,Medium,Morning,Scooter,28,9.0,91,Senior (6+ thn)
295,2.98,Foggy,Medium,Night,Bike,11,2.0,27,Pemula (0-2 thn)
893,16.69,Foggy,Medium,Evening,Scooter,8,2.0,65,Pemula (0-2 thn)
426,11.22,Windy,High,Evening,Bike,25,5.0,79,Menengah (3-5 thn)
714,8.53,Clear,Low,Evening,Scooter,8,2.0,41,Pemula (0-2 thn)
261,12.49,Clear,Medium,Morning,Bike,25,4.0,77,Menengah (3-5 thn)
238,0.97,Clear,Low,Night,Scooter,24,8.0,26,Senior (6+ thn)
560,12.6,Windy,Medium,Afternoon,Car,8,6.0,58,Senior (6+ thn)
584,6.91,Clear,Medium,Evening,Scooter,28,9.0,56,Senior (6+ thn)
446,18.97,Clear,Low,Evening,Car,25,4.0,141,Menengah (3-5 thn)
868,4.05,Clear,Medium,Evening,Bike,20,5.0,44,Menengah (3-5 thn)
801,14.29,Windy,Medium,Morning,Bike,14,7.0,78,Senior (6+ thn)
600,1.3,Foggy,Low,Evening,Bike,19,5.0,29,Menengah (3-5 thn)
850,12.11,Rainy,Low,Morning,Bike,9,5.0,59,Menengah (3-5 thn)
266,14.94,Clear,Medium,Morning,Bike,11,0.0,62,Pemula (0-2 thn)
996,2.29,Rainy,High,Afternoon,Car,8,8.0,80,Senior (6+ thn)
530,17.36,Rainy,High,Afternoon,Bike,24,1.0,105,Pemula (0-2 thn)
56,18.48,Clear,Medium,Night,Bike,8,0.0,82,Pemula (0-2 thn)
121,16.25,Foggy,High,Morning,Bike,10,5.0,91,Menengah (3-5 thn)
216,5.13,Clear,Low,Morning,Car,15,4.0,30,Menengah (3-5 thn)
26,15.81,Clear,Low,Morning,Car,25,1.0,92,Pemula (0-2 thn)
73,0.61,Clear,Low,Afternoon,Scooter,10,0.0,16,Pemula (0-2 thn)
45,5.55,Foggy,High,Evening,Bike,18,1.0,116,Pemula (0-2 thn)
248,19.35,Clear,High,Morning,Bike,12,7.0,75,Senior (6+ thn)
722,4.03,Clear,Medium,Evening,Bike,9,5.0,25,Menengah (3-5 thn)
282,7.09,Snowy,Low,Morning,Scooter,13,8.0,37,Senior (6+ thn)
894,8.25,Clear,Medium,Afternoon,Bike,7,9.0,28,Senior (6+ thn)
915,11.26,Clear,Low,Night,Bike,5,6.0,49,Senior (6+ thn)
811,19.7,Rainy,Low,Evening,Bike,10,2.0,60,Pemula (0-2 thn)
245,0.8,Snowy,High,Evening,Bike,14,9.0,36,Senior (6+ thn)
823,7.0,Rainy,Medium,Evening,Bike,17,9.0,49,Senior (6+ thn)
322,14.43,Clear,Medium,Morning,Car,14,4.0,113,Menengah (3-5 thn)
644,6.89,Rainy,Medium,Afternoon,Bike,11,6.0,43,Senior (6+ thn)
159,5.13,Foggy,Medium,Evening,Car,25,1.0,60,Pemula (0-2 thn)
978,1.5,Clear,Low,Afternoon,Bike,10,1.0,17,Pemula (0-2 thn)
430,2.78,Clear,High,Afternoon,Scooter,9,0.0,41,Pemula (0-2 thn)
942,11.31,Clear,Medium,Evening,Bike,7,0.0,54,Pemula (0-2 thn)
463,15.05,Clear,Medium,Evening,Car,12,2.0,66,Pemula (0-2 thn)
310,5.78,Foggy,Low,Afternoon,Scooter,9,9.0,33,Senior (6+ thn)
698,11.83,Clear,Low,Evening,Scooter,9,7.0,32,Senior (6+ thn)
61,8.08,Foggy,Low,Morning,Bike,25,2.0,61,Pemula (0-2 thn)
885,16.1,Clear,Low,Evening,Bike,25,0.0,64,Pemula (0-2 thn)
596,9.74,Rainy,Medium,Evening,Scooter,7,8.0,37,Senior (6+ thn)
768,17.6,Clear,Low,Afternoon,Bike,27,3.0,69,Menengah (3-5 thn)
650,10.22,Snowy,Medium,Night,Bike,18,1.0,68,Pemula (0-2 thn)
651,2.19,Clear,Low,Evening,Bike,26,3.0,32,Menengah (3-5 thn)
866,11.41,Windy,Medium,Afternoon,Scooter,17,4.0,68,Menengah (3-5 thn)
669,4.14,Clear,Medium,Morning,Scooter,14,2.0,30,Pemula (0-2 thn)
299,12.65,Rainy,Low,Afternoon,Bike,18,8.0,60,Senior (6+ thn)
690,4.15,Clear,Medium,Morning,Car,17,8.0,46,Senior (6+ thn)
315,16.8,Clear,High,Morning,Car,19,4.0,85,Menengah (3-5 thn)
311,9.06,Clear,Medium,Evening,Bike,23,4.0,47,Menengah (3-5 thn)
362,13.04,Clear,Medium,Morning,Scooter,20,6.0,65,Senior (6+ thn)
480,10.7,Clear,Medium,Afternoon,Scooter,8,5.0,44,Menengah (3-5 thn)
111,6.15,Foggy,Low,Evening,Scooter,26,5.0,48,Menengah (3-5 thn)
990,16.47,Snowy,High,Evening,Scooter,20,9.0,75,Senior (6+ thn)
487,1.39,Clear,Medium,Afternoon,Bike,15,4.0,24,Menengah (3-5 thn)
364,11.14,Rainy,Medium,Morning,Scooter,7,3.0,47,Menengah (3-5 thn)
255,3.81,Rainy,High,Afternoon,Bike,5,6.0,31,Senior (6+ thn)
260,2.39,Rainy,Medium,Evening,Bike,27,7.0,43,Senior (6+ thn)
803,11.74,Clear,High,Evening,Car,6,3.0,54,Menengah (3-5 thn)
678,8.26,Clear,Low,Morning,Car,21,4.0,80,Menengah (3-5 thn)
495,9.54,Rainy,Medium,Evening,Scooter,11,5.0,47,Menengah (3-5 thn)
671,3.88,Clear,Medium,Morning,Bike,16,2.0,35,Pemula (0-2 thn)
378,0.95,Rainy,Medium,Morning,Car,27,0.0,44,Pemula (0-2 thn)
527,8.59,Clear,Low,Night,Scooter,17,8.0,36,Senior (6+ thn)
846,8.59,Clear,Low,Evening,Bike,22,2.0,43,Pemula (0-2 thn)
138,14.21,Clear,Medium,Evening,Bike,24,5.0,58,Menengah (3-5 thn)
356,13.03,Foggy,Low,Morning,Scooter,9,1.0,50,Pemula (0-2 thn)
366,8.03,Clear,Low,Evening,Scooter,14,8.0,42,Senior (6+ thn)
943,13.2,Snowy,Low,Morning,Car,14,3.0,62,Menengah (3-5 thn)
750,12.67,Clear,Medium,Evening,Car,10,3.0,65,Menengah (3-5 thn)
949,17.54,Clear,Medium,Morning,Car,16,8.0,54,Senior (6+ thn)
830,9.32,Clear,Low,Morning,Scooter,6,5.0,30,Menengah (3-5 thn)
657,6.03,Rainy,High,Afternoon,Car,8,6.0,46,Senior (6+ thn)
200,15.71,Clear,Low,Afternoon,Scooter,28,5.0,69,Menengah (3-5 thn)
214,4.87,Snowy,High,Evening,Bike,16,7.0,54,Senior (6+ thn)
409,18.15,Rainy,High,Morning,Bike,22,7.0,108,Senior (6+ thn)
333,0.78,Clear,Medium,Morning,Bike,6,1.0,17,Pemula (0-2 thn)
209,0.6,Clear,Low,Afternoon,Bike,26,3.0,30,Menengah (3-5 thn)
614,2.09,Clear,Medium,Evening,Bike,5,5.0,16,Menengah (3-5 thn)
79,7.49,Clear,Medium,Morning,Scooter,13,9.0,45,Senior (6+ thn)
30,1.41,Foggy,Medium,Evening,Bike,15,0.0,72,Pemula (0-2 thn)
536,18.92,Clear,High,Morning,Scooter,27,4.0,100,Menengah (3-5 thn)
696,12.41,Clear,Medium,Morning,Car,10,1.0,51,Pemula (0-2 thn)
558,1.06,Clear,Low,Afternoon,Scooter,19,6.0,21,Senior (6+ thn)
837,18.34,Clear,High,Night,Bike,9,4.0,92,Menengah (3-5 thn)
597,13.52,Clear,Low,Morning,Scooter,27,1.0,82,Pemula (0-2 thn)
166,16.79,Foggy,High,Afternoon,Bike,24,6.0,85,Senior (6+ thn)
919,15.39,Clear,Medium,Evening,Scooter,24,5.0,89,Menengah (3-5 thn)
496,7.39,Rainy,Medium,Morning,Scooter,25,6.0,60,Senior (6+ thn)
825,10.98,Rainy,Low,Morning,Scooter,10,6.0,55,Senior (6+ thn)
66,11.08,Snowy,Medium,Morning,Bike,9,0.0,57,Pemula (0-2 thn)
142,5.41,Clear,Medium,Night,Bike,14,5.0,36,Menengah (3-5 thn)
926,0.94,Clear,High,Morning,Bike,9,6.0,21,Senior (6+ thn)
828,7.27,Windy,Low,Afternoon,Bike,10,5.0,35,Menengah (3-5 thn)
656,2.99,Windy,Medium,Morning,Bike,27,5.0,41,Menengah (3-5 thn)
332,15.28,Snowy,Low,Evening,Bike,16,5.0,72,Menengah (3-5 thn)
665,2.48,Windy,Medium,Afternoon,Car,14,6.0,27,Senior (6+ thn)
250,17.13,Rainy,Low,Evening,Car,19,1.0,71,Pemula (0-2 thn)
908,7.17,Clear,Low,Afternoon,Bike,15,7.0,32,Senior (6+ thn)
709,5.47,Rainy,Low,Morning,Car,21,6.0,38,Senior (6+ thn)
306,19.53,Foggy,Low,Afternoon,Bike,11,6.0,87,Senior (6+ thn)
735,7.5,Clear,High,Morning,Bike,29,1.0,66,Pemula (0-2 thn)
976,5.61,Windy,Low,Night,Bike,25,9.0,48,Senior (6+ thn)
50,4.1,Clear,Low,Morning,Bike,21,3.0,37,Menengah (3-5 thn)
897,6.22,Rainy,Medium,Morning,Bike,15,0.0,49,Pemula (0-2 thn)
3,14.77,Clear,High,Morning,Scooter,11,6.0,67,Senior (6+ thn)
545,12.55,Windy,Low,Evening,Bike,13,8.0,51,Senior (6+ thn)
351,10.31,Foggy,Medium,Morning,Scooter,19,5.0,62,Menengah (3-5 thn)
905,8.72,Snowy,Medium,Evening,Car,18,7.0,64,Senior (6+ thn)
537,17.07,Clear,Medium,Morning,Bike,20,6.0,73,Senior (6+ thn)
345,8.27,Clear,High,Afternoon,Scooter,13,5.0,58,Menengah (3-5 thn)
995,7.54,Snowy,Low,Afternoon,Bike,20,5.0,55,Menengah (3-5 thn)
482,14.07,Clear,High,Afternoon,Bike,5,8.0,67,Senior (6+ thn)
576,19.02,Clear,Medium,Afternoon,Bike,29,9.0,87,Senior (6+ thn)
34,19.0,Clear,High,Morning,Car,28,3.0,96,Menengah (3-5 thn)
32,3.83,Rainy,Medium,Afternoon,Bike,12,9.0,30,Senior (6+ thn)
232,10.3,Clear,Low,Evening,Scooter,19,8.0,48,Senior (6+ thn)
964,8.09,Clear,High,Afternoon,Scooter,15,4.0,51,Menengah (3-5 thn)
193,18.06,Clear,Medium,Night,Bike,9,8.0,52,Senior (6+ thn)
334,2.76,Windy,Medium,Morning,Scooter,8,5.0,22,Menengah (3-5 thn)
4,12.17,Snowy,Low,Evening,Bike,20,8.0,68,Senior (6+ thn)
205,12.33,Clear,Medium,Evening,Bike,22,9.0,75,Senior (6+ thn)
515,1.38,Clear,Medium,Evening,Scooter,5,8.0,13,Senior (6+ thn)
800,18.49,Clear,Low,Afternoon,Scooter,14,6.0,71,Senior (6+ thn)
307,10.57,Snowy,Low,Afternoon,Bike,28,9.0,59,Senior (6+ thn)
110,2.0,Clear,High,Evening,Scooter,10,2.0,30,Pemula (0-2 thn)
431,3.29,Clear,Medium,Afternoon,Scooter,17,4.0,32,Menengah (3-5 thn)
78,1.94,Rainy,Medium,Morning,Bike,16,0.0,35,Pemula (0-2 thn)
85,6.56,Windy,Medium,Morning,Bike,14,1.0,47,Pemula (0-2 thn)
287,9.58,Clear,High,Afternoon,Car,26,8.0,60,Senior (6+ thn)
83,6.95,Clear,Medium,Morning,Scooter,25,2.0,58,Pemula (0-2 thn)
992,14.05,Clear,High,Morning,Scooter,19,0.0,72,Pemula (0-2 thn)
790,18.97,Rainy,High,Night,Bike,20,8.0,108,Senior (6+ thn)
895,13.53,Rainy,Low,Evening,Bike,28,8.0,78,Senior (6+ thn)
399,15.14,Rainy,Medium,Morning,Bike,8,6.0,66,Senior (6+ thn)
324,5.96,Clear,Low,Afternoon,Bike,26,6.0,48,Senior (6+ thn)
520,3.43,Windy,Medium,Morning,Bike,7,6.0,23,Senior (6+ thn)
917,6.24,Clear,Medium,Evening,Bike,15,3.0,52,Menengah (3-5 thn)
923,17.94,Rainy,High,Evening,Scooter,22,6.0,85,Senior (6+ thn)
6,3.54,Rainy,Medium,Evening,Bike,10,5.0,32,Menengah (3-5 thn)
732,16.38,Rainy,Medium,Night,Bike,7,5.0,90,Menengah (3-5 thn)
466,7.81,Clear,Low,Evening,Bike,11,4.0,42,Menengah (3-5 thn)
98,8.84,Clear,Medium,Morning,Bike,26,0.0,57,Pemula (0-2 thn)
267,14.09,Clear,Medium,Afternoon,Scooter,12,3.0,55,Menengah (3-5 thn)
358,11.92,Clear,Low,Afternoon,Scooter,14,4.0,46,Menengah (3-5 thn)
869,17.3,Clear,Low,Evening,Scooter,9,0.0,67,Pemula (0-2 thn)
799,14.08,Clear,High,Morning,Bike,28,6.0,66,Senior (6+ thn)
381,2.8,Clear,High,Afternoon,Bike,28,1.0,50,Pemula (0-2 thn)
632,17.96,Clear,Medium,Morning,Bike,22,2.0,76,Pemula (0-2 thn)
382,14.09,Clear,High,Afternoon,Bike,12,6.0,67,Senior (6+ thn)
491,9.39,Clear,Low,Morning,Bike,14,2.0,37,Pemula (0-2 thn)
119,17.9,Clear,Low,Morning,Bike,23,5.0,85,Menengah (3-5 thn)
901,4.55,Rainy,Low,Afternoon,Bike,5,6.0,21,Senior (6+ thn)
251,6.24,Snowy,Low,Afternoon,Bike,20,4.0,51,Menengah (3-5 thn)
524,16.92,Clear,Low,Morning,Scooter,29,0.0,70,Pemula (0-2 thn)
10,14.31,Clear,Medium,Morning,Bike,9,8.0,47,Senior (6+ thn)
197,14.66,Windy,Medium,Morning,Bike,20,2.0,77,Pemula (0-2 thn)
604,2.23,Clear,Low,Morning,Bike,7,6.0,14,Senior (6+ thn)
82,12.65,Clear,Low,Evening,Bike,15,4.0,66,Menengah (3-5 thn)
784,7.24,Rainy,Medium,Evening,Bike,28,6.0,65,Senior (6+ thn)
588,3.01,Clear,Medium,Evening,Bike,14,4.0,26,Menengah (3-5 thn)
798,11.52,Clear,Medium,Morning,Scooter,25,2.0,58,Pemula (0-2 thn)
240,3.95,Clear,Low,Afternoon,Bike,13,5.0,25,Menengah (3-5 thn)
291,1.09,Clear,Medium,Morning,Scooter,6,2.0,17,Pemula (0-2 thn)
212,13.99,Clear,High,Evening,Scooter,7,3.0,96,Menengah (3-5 thn)
718,19.32,Rainy,High,Morning,Car,21,7.0,112,Senior (6+ thn)
360,11.72,Rainy,Low,Evening,Bike,11,9.0,42,Senior (6+ thn)
450,2.13,Rainy,Low,Morning,Scooter,9,2.0,22,Pemula (0-2 thn)
228,8.17,Clear,Medium,Afternoon,Scooter,20,9.0,44,Senior (6+ thn)
951,12.21,Clear,High,Morning,Bike,9,4.0,57,Menengah (3-5 thn)
947,3.17,Clear,Medium,Evening,Scooter,17,6.0,33,Senior (6+ thn)
797,18.68,Snowy,Low,Afternoon,Bike,11,8.0,62,Senior (6+ thn)
502,10.95,Clear,Medium,Evening,Scooter,24,4.0,55,Menengah (3-5 thn)
465,19.26,Windy,Medium,Morning,Scooter,21,6.0,67,Senior (6+ thn)
363,9.44,Rainy,Medium,Evening,Scooter,28,8.0,63,Senior (6+ thn)
469,4.86,Foggy,Medium,Evening,Car,25,4.0,52,Menengah (3-5 thn)
936,5.81,Foggy,Low,Afternoon,Bike,25,8.0,51,Senior (6+ thn)
429,7.34,Rainy,Low,Evening,Bike,22,8.0,47,Senior (6+ thn)
8,17.39,Foggy,Medium,Morning,Bike,25,4.0,100,Menengah (3-5 thn)
156,5.22,Snowy,Low,Evening,Bike,11,9.0,40,Senior (6+ thn)
542,12.32,Clear,Medium,Evening,Scooter,17,4.0,71,Menengah (3-5 thn)
441,2.15,Windy,Medium,Afternoon,Car,17,6.0,30,Senior (6+ thn)
483,9.36,Rainy,High,Morning,Scooter,17,2.0,65,Pemula (0-2 thn)
423,2.28,Clear,Medium,Evening,Scooter,27,9.0,39,Senior (6+ thn)
779,14.54,Clear,Medium,Evening,Bike,29,2.0,73,Pemula (0-2 thn)
950,12.15,Clear,High,Morning,Car,12,6.0,63,Senior (6+ thn)
335,1.4,Windy,Low,Evening,Bike,9,9.0,17,Senior (6+ thn)
577,3.37,Clear,High,Morning,Bike,9,5.0,28,Menengah (3-5 thn)
935,3.85,Rainy,Medium,Afternoon,Bike,26,3.0,46,Menengah (3-5 thn)
568,9.03,Clear,Low,Morning,Bike,11,5.0,43,Menengah (3-5 thn)
595,17.99,Snowy,Low,Afternoon,Bike,15,3.0,63,Menengah (3-5 thn)
531,16.35,Clear,Medium,Morning,Bike,16,0.0,66,Pemula (0-2 thn)
582,19.61,Clear,High,Evening,Bike,8,6.0,72,Senior (6+ thn)
708,16.29,Clear,Low,Morning,Bike,20,1.0,72,Pemula (0-2 thn)
449,7.84,Windy,Low,Afternoon,Bike,6,4.0,28,Menengah (3-5 thn)
454,18.17,Rainy,Low,Afternoon,Car,13,0.0,71,Pemula (0-2 thn)
229,17.89,Windy,Low,Morning,Bike,27,1.0,101,Pemula (0-2 thn)
353,13.34,Clear,Medium,Night,Bike,20,6.0,53,Senior (6+ thn)
729,4.43,Foggy,Low,Morning,Scooter,10,1.0,63,Pemula (0-2 thn)
213,13.21,Clear,Medium,Morning,Scooter,12,4.0,63,Menengah (3-5 thn)
80,2.76,Windy,Medium,Night,Bike,6,2.0,27,Pemula (0-2 thn)
149,1.5,Foggy,Medium,Evening,Scooter,15,4.0,32,Menengah (3-5 thn)
303,11.04,Clear,Medium,Afternoon,Scooter,8,2.0,54,Pemula (0-2 thn)
629,1.22,Clear,Medium,Evening,Scooter,6,5.0,14,Menengah (3-5 thn)
778,14.58,Clear,Low,Afternoon,Bike,13,5.0,57,Menengah (3-5 thn)
507,18.26,Rainy,High,Night,Scooter,28,7.0,93,Senior (6+ thn)
343,3.88,Foggy,Low,Evening,Car,27,9.0,42,Senior (6+ thn)
486,18.07,Clear,High,Afternoon,Scooter,5,2.0,67,Pemula (0-2 thn)
712,12.11,Clear,Medium,Evening,Bike,28,0.0,75,Pemula (0-2 thn)
134,7.08,Clear,Medium,Afternoon,Scooter,5,8.0,27,Senior (6+ thn)
704,3.12,Rainy,Low,Evening,Scooter,14,5.0,28,Menengah (3-5 thn)
312,2.03,Foggy,High,Evening,Car,14,4.0,36,Menengah (3-5 thn)
723,1.8,Clear,Medium,Night,Bike,14,1.0,28,Pemula (0-2 thn)
630,5.42,Clear,Low,Evening,Scooter,11,9.0,26,Senior (6+ thn)
1,7.8,Clear,Low,Evening,Scooter,23,5.0,52,Menengah (3-5 thn)
317,8.47,Rainy,Low,Afternoon,Scooter,19,0.0,48,Pemula (0-2 thn)
707,6.79,Rainy,Low,Evening,Scooter,16,1.0,39,Pemula (0-2 thn)
548,13.6,Rainy,Medium,Afternoon,Scooter,23,6.0,83,Senior (6+ thn)
873,13.06,Rainy,High,Morning,Bike,17,8.0,59,Senior (6+ thn)
533,19.93,Snowy,Low,Afternoon,Bike,6,6.0,59,Senior (6+ thn)
478,11.3,Snowy,Medium,Afternoon,Bike,15,8.0,70,Senior (6+ thn)
405,6.74,Rainy,Medium,Evening,Car,21,9.0,47,Senior (6+ thn)
173,10.49,Rainy,Low,Morning,Bike,28,9.0,66,Senior (6+ thn)
126,8.83,Clear,Medium,Evening,Scooter,12,3.0,109,Menengah (3-5 thn)
395,7.15,Clear,High,Night,Car,29,7.0,60,Senior (6+ thn)
421,15.94,Clear,Low,Evening,Bike,24,2.0,77,Pemula (0-2 thn)
553,11.26,Foggy,High,Afternoon,Bike,14,2.0,70,Pemula (0-2 thn)
904,11.87,Clear,Medium,Morning,Bike,10,6.0,43,Senior (6+ thn)
91,2.83,Windy,Medium,Afternoon,Scooter,14,6.0,28,Senior (6+ thn)
940,11.74,Clear,Low,Afternoon,Car,20,1.0,52,Pemula (0-2 thn)
182,2.71,Clear,Low,Morning,Scooter,6,1.0,20,Pemula (0-2 thn)
275,10.47,Clear,High,Evening,Scooter,14,7.0,55,Senior (6+ thn)
896,4.5,Snowy,High,Evening,Bike,24,0.0,66,Pemula (0-2 thn)
70,19.74,Clear,Low,Morning,Car,21,7.0,71,Senior (6+ thn)
292,1.23,Clear,Low,Evening,Bike,18,6.0,21,Senior (6+ thn)
132,4.83,Clear,Low,Evening,Bike,11,1.0,29,Pemula (0-2 thn)
301,1.51,Clear,High,Afternoon,Bike,14,2.0,32,Pemula (0-2 thn)
425,1.62,Windy,Low,Evening,Bike,9,8.0,16,Senior (6+ thn)
327,11.31,Clear,High,Evening,Bike,20,0.0,67,Pemula (0-2 thn)
145,6.05,Clear,Medium,Morning,Car,24,0.0,48,Pemula (0-2 thn)
424,10.14,Clear,Medium,Morning,Scooter,20,1.0,59,Pemula (0-2 thn)
581,9.45,Clear,Low,Afternoon,Car,13,0.0,49,Pemula (0-2 thn)
136,6.8,Clear,High,Evening,Bike,28,5.0,55,Menengah (3-5 thn)
451,15.65,Clear,Low,Afternoon,Bike,27,0.0,76,Pemula (0-2 thn)
165,2.26,Clear,Medium,Morning,Scooter,6,3.0,19,Menengah (3-5 thn)
29,12.05,Clear,Low,Evening,Scooter,29,4.0,61,Menengah (3-5 thn)
774,8.25,Windy,Medium,Evening,Car,24,4.0,62,Menengah (3-5 thn)
194,12.85,Rainy,Medium,Afternoon,Scooter,23,0.0,80,Pemula (0-2 thn)
389,15.14,Windy,Medium,Morning,Bike,15,4.0,71,Menengah (3-5 thn)
853,4.59,Foggy,Low,Evening,Scooter,19,8.0,36,Senior (6+ thn)
170,12.02,Clear,Low,Afternoon,Bike,26,0.0,63,Pemula (0-2 thn)
706,19.8,Clear,High,Evening,Bike,7,3.0,88,Menengah (3-5 thn)
141,19.27,Foggy,High,Afternoon,Bike,14,6.0,92,Senior (6+ thn)
174,4.92,Clear,High,Morning,Scooter,12,0.0,41,Pemula (0-2 thn)
7,1.63,Rainy,Medium,Night,Bike,24,5.0,38,Menengah (3-5 thn)
746,18.04,Clear,Medium,Morning,Bike,8,5.0,71,Menengah (3-5 thn)
479,19.4,Snowy,Medium,Afternoon,Scooter,23,9.0,92,Senior (6+ thn)
74,16.4,Clear,High,Morning,Scooter,12,2.0,70,Pemula (0-2 thn)
911,12.01,Clear,Low,Morning,Car,5,7.0,42,Senior (6+ thn)
814,18.46,Clear,Medium,Morning,Scooter,29,1.0,153,Pemula (0-2 thn)
239,13.09,Windy,Low,Morning,Scooter,17,1.0,69,Pemula (0-2 thn)
146,1.22,Foggy,High,Afternoon,Scooter,14,2.0,38,Pemula (0-2 thn)
793,10.36,Rainy,Medium,Afternoon,Bike,7,8.0,39,Senior (6+ thn)
235,4.31,Rainy,Medium,Afternoon,Bike,9,2.0,35,Pemula (0-2 thn)
221,13.32,Windy,Medium,Afternoon,Bike,26,0.0,71,Pemula (0-2 thn)
924,16.1,Clear,Low,Morning,Car,16,6.0,61,Senior (6+ thn)
501,14.11,Rainy,High,Morning,Scooter,24,3.0,93,Menengah (3-5 thn)
133,2.84,Clear,Medium,Night,Scooter,28,1.0,44,Pemula (0-2 thn)
991,16.09,Snowy,Low,Morning,Car,13,6.0,69,Senior (6+ thn)
775,16.05,Snowy,Medium,Evening,Bike,11,2.0,89,Pemula (0-2 thn)
186,13.37,Windy,High,Afternoon,Scooter,17,8.0,63,Senior (6+ thn)
42,10.16,Snowy,Medium,Night,Bike,10,1.0,67,Pemula (0-2 thn)
697,6.13,Clear,Medium,Night,Scooter,22,0.0,48,Pemula (0-2 thn)
109,4.96,Rainy,Low,Afternoon,Car,10,7.0,28,Senior (6+ thn)
589,3.0,Clear,Low,Morning,Scooter,29,1.0,43,Pemula (0-2 thn)
57,2.23,Snowy,Medium,Evening,Car,14,0.0,41,Pemula (0-2 thn)
406,17.96,Clear,Medium,Evening,Scooter,26,0.0,74,Pemula (0-2 thn)
443,7.8,Rainy,Medium,Morning,Bike,11,7.0,49,Senior (6+ thn)
758,10.9,Clear,High,Afternoon,Scooter,6,8.0,47,Senior (6+ thn)
998,3.17,Clear,Low,Afternoon,Bike,17,1.0,28,Pemula (0-2 thn)
25,9.39,Windy,Medium,Morning,Scooter,21,9.0,50,Senior (6+ thn)
468,17.44,Clear,Low,Evening,Bike,25,9.0,89,Senior (6+ thn)
540,3.02,Rainy,Medium,Morning,Bike,23,1.0,46,Pemula (0-2 thn)
532,19.99,Rainy,High,Evening,Bike,17,1.0,112,Pemula (0-2 thn)
619,16.22,Rainy,High,Evening,Bike,22,0.0,102,Pemula (0-2 thn)
695,2.74,Clear,High,Afternoon,Bike,18,9.0,37,Senior (6+ thn)
927,5.74,Rainy,High,Evening,Bike,13,9.0,46,Senior (6+ thn)
339,9.75,Clear,Low,Afternoon,Bike,22,7.0,50,Senior (6+ thn)
52,15.62,Rainy,Medium,Afternoon,Scooter,23,7.0,78,Senior (6+ thn)
508,16.54,Rainy,Medium,Afternoon,Bike,25,7.0,77,Senior (6+ thn)
517,7.84,Rainy,Low,Morning,Scooter,7,8.0,36,Senior (6+ thn)
921,17.44,Clear,Low,Night,Car,23,0.0,85,Pemula (0-2 thn)
782,11.08,Windy,High,Afternoon,Bike,16,6.0,70,Senior (6+ thn)
265,17.61,Clear,Medium,Evening,Scooter,21,9.0,79,Senior (6+ thn)
818,8.28,Snowy,Low,Evening,Car,29,7.0,58,Senior (6+ thn)
711,15.32,Clear,Medium,Morning,Bike,17,6.0,80,Senior (6+ thn)
683,3.83,Rainy,Low,Evening,Car,27,3.0,49,Menengah (3-5 thn)
833,3.25,Rainy,Medium,Evening,Scooter,29,0.0,51,Pemula (0-2 thn)
519,19.75,Clear,Medium,Morning,Bike,25,1.0,103,Pemula (0-2 thn)
448,15.19,Foggy,Low,Evening,Scooter,6,4.0,53,Menengah (3-5 thn)
19,8.92,Windy,Medium,Morning,Bike,25,4.0,62,Menengah (3-5 thn)
716,18.63,Windy,Low,Afternoon,Bike,11,5.0,85,Menengah (3-5 thn)
484,12.74,Clear,Low,Night,Scooter,18,0.0,67,Pemula (0-2 thn)
569,18.13,Rainy,High,Evening,Bike,21,2.0,88,Pemula (0-2 thn)
434,2.47,Rainy,Low,Afternoon,Car,22,6.0,34,Senior (6+ thn)
368,18.15,Windy,Medium,Morning,Bike,11,2.0,89,Pemula (0-2 thn)
84,1.74,Foggy,High,Afternoon,Scooter,8,9.0,28,Senior (6+ thn)
62,5.79,Windy,Medium,Morning,Bike,26,6.0,49,Senior (6+ thn)
639,5.75,Windy,High,Morning,Scooter,7,4.0,37,Menengah (3-5 thn)
273,17.41,Snowy,Medium,Evening,Bike,20,4.0,80,Menengah (3-5 thn)
286,1.2,Rainy,Low,Morning,Scooter,24,7.0,33,Senior (6+ thn)
361,8.07,Windy,Low,Evening,Bike,21,4.0,48,Menengah (3-5 thn)
355,1.88,Clear,Medium,Morning,Scooter,24,7.0,35,Senior (6+ thn)
457,0.72,Rainy,Medium,Afternoon,Scooter,9,2.0,23,Pemula (0-2 thn)
279,14.19,Clear,Medium,Afternoon,Bike,9,1.0,57,Pemula (0-2 thn)
13,16.73,Windy,High,Afternoon,Scooter,9,7.0,71,Senior (6+ thn)
183,18.53,Rainy,Low,Afternoon,Scooter,8,8.0,57,Senior (6+ thn)
369,4.32,Clear,Low,Morning,Bike,21,9.0,34,Senior (6+ thn)
882,13.6,Foggy,High,Evening,Bike,9,7.0,61,Senior (6+ thn)
616,18.46,Rainy,Low,Morning,Bike,19,9.0,94,Senior (6+ thn)
224,7.67,Windy,Low,Morning,Car,9,2.0,31,Pemula (0-2 thn)
573,8.23,Snowy,Low,Evening,Bike,17,3.0,56,Menengah (3-5 thn)
971,13.44,Clear,Low,Night,Bike,29,0.0,63,Pemula (0-2 thn)
654,15.04,Clear,Low,Morning,Car,24,5.0,60,Menengah (3-5 thn)
546,7.48,Clear,Medium,Morning,Car,21,4.0,52,Menengah (3-5 thn)
583,10.11,Rainy,Medium,Afternoon,Scooter,23,2.0,63,Pemula (0-2 thn)
634,10.88,Snowy,Low,Afternoon,Car,13,3.0,52,Menengah (3-5 thn)
177,13.97,Snowy,Low,Evening,Scooter,14,8.0,52,Senior (6+ thn)
666,3.48,Foggy,Low,Afternoon,Scooter,9,1.0,31,Pemula (0-2 thn)
674,10.73,Foggy,Low,Morning,Bike,6,6.0,35,Senior (6+ thn)
586,5.18,Clear,Medium,Afternoon,Car,9,2.0,30,Pemula (0-2 thn)
874,8.47,Foggy,Medium,Evening,Bike,24,0.0,68,Pemula (0-2 thn)
394,15.64,Rainy,Low,Morning,Bike,20,4.0,141,Menengah (3-5 thn)
164,10.95,Snowy,Medium,Afternoon,Bike,9,1.0,65,Pemula (0-2 thn)
249,19.29,Windy,Medium,Evening,Scooter,7,8.0,84,Senior (6+ thn)
635,2.59,Windy,Medium,Morning,Bike,13,5.0,28,Menengah (3-5 thn)
886,3.98,Clear,High,Night,Car,19,3.0,41,Menengah (3-5 thn)
670,6.06,Foggy,Low,Afternoon,Scooter,10,8.0,41,Senior (6+ thn)
376,6.72,Foggy,Low,Evening,Bike,8,5.0,31,Menengah (3-5 thn)
413,19.04,Clear,Medium,Morning,Scooter,27,2.0,85,Pemula (0-2 thn)
75,14.28,Windy,High,Afternoon,Scooter,23,5.0,77,Menengah (3-5 thn)
114,16.26,Rainy,High,Morning,Bike,16,6.0,70,Senior (6+ thn)
599,4.25,Clear,Low,Afternoon,Bike,5,4.0,22,Menengah (3-5 thn)
962,12.26,Clear,Low,Afternoon,Bike,20,2.0,66,Pemula (0-2 thn)
391,19.81,Clear,Low,Afternoon,Bike,27,1.0,74,Pemula (0-2 thn)
105,18.2,Windy,Medium,Morning,Bike,27,1.0,108,Pemula (0-2 thn)
115,12.85,Rainy,Medium,Morning,Scooter,14,8.0,73,Senior (6+ thn)
418,6.91,Clear,Low,Evening,Bike,27,8.0,91,Senior (6+ thn)
526,9.64,Clear,Low,Morning,Bike,10,5.0,46,Menengah (3-5 thn)
458,9.64,Rainy,Medium,Evening,Bike,14,6.0,52,Senior (6+ thn)
410,2.28,Foggy,Medium,Morning,Scooter,27,6.0,44,Senior (6+ thn)
93,15.34,Rainy,Low,Afternoon,Bike,18,6.0,54,Senior (6+ thn)
931,3.22,Rainy,Medium,Night,Bike,14,8.0,34,Senior (6+ thn)
90,9.71,Clear,Low,Morning,Bike,8,1.0,49,Pemula (0-2 thn)
337,17.18,Clear,Medium,Night,Scooter,13,1.0,62,Pemula (0-2 thn)
989,5.3,Clear,Medium,Afternoon,Scooter,29,3.0,47,Menengah (3-5 thn)
922,10.0,Clear,Medium,Afternoon,Scooter,6,9.0,47,Senior (6+ thn)
934,10.75,Rainy,Medium,Morning,Bike,8,6.0,60,Senior (6+ thn)
606,9.49,Rainy,Medium,Morning,Car,23,6.0,53,Senior (6+ thn)
594,7.24,Clear,Medium,Afternoon,Bike,28,7.0,57,Senior (6+ thn)
612,16.09,Rainy,Low,Morning,Bike,21,8.0,66,Senior (6+ thn)
95,15.53,Clear,Low,Morning,Bike,26,6.0,83,Senior (6+ thn)
12,19.41,Windy,Low,Morning,Bike,11,8.0,62,Senior (6+ thn)
397,17.24,Clear,Low,Evening,Bike,17,5.0,69,Menengah (3-5 thn)
534,11.33,Clear,Low,Morning,Bike,25,3.0,60,Menengah (3-5 thn)
44,18.23,Rainy,Low,Afternoon,Scooter,27,9.0,86,Senior (6+ thn)
43,1.17,Clear,Medium,Morning,Bike,16,9.0,25,Senior (6+ thn)
330,5.33,Clear,Low,Evening,Car,29,1.0,51,Pemula (0-2 thn)
168,4.14,Rainy,Low,Morning,Bike,23,2.0,41,Pemula (0-2 thn)
498,2.02,Clear,High,Evening,Bike,28,5.0,44,Menengah (3-5 thn)
877,14.46,Rainy,Medium,Morning,Scooter,11,9.0,68,Senior (6+ thn)
598,3.86,Clear,Medium,Afternoon,Bike,21,8.0,34,Senior (6+ thn)
757,12.59,Windy,Medium,Morning,Bike,13,9.0,62,Senior (6+ thn)
101,1.11,Clear,High,Morning,Scooter,22,8.0,35,Senior (6+ thn)
427,9.11,Clear,Low,Afternoon,Bike,19,6.0,42,Senior (6+ thn)
179,18.77,Snowy,Medium,Evening,Bike,24,0.0,115,Pemula (0-2 thn)
445,16.35,Foggy,Medium,Night,Bike,16,6.0,67,Senior (6+ thn)
417,6.22,Clear,Low,Afternoon,Bike,16,9.0,29,Senior (6+ thn)
871,7.78,Foggy,High,Afternoon,Bike,25,3.0,74,Menengah (3-5 thn)
883,0.88,Rainy,Low,Night,Car,27,2.0,37,Pemula (0-2 thn)
681,16.43,Clear,Low,Evening,Bike,13,5.0,56,Menengah (3-5 thn)
178,8.04,Clear,Medium,Evening,Car,27,0.0,65,Pemula (0-2 thn)
396,18.65,Foggy,Low,Night,Car,19,2.0,68,Pemula (0-2 thn)
912,5.73,Foggy,Low,Morning,Scooter,7,2.0,30,Pemula (0-2 thn)
794,12.42,Rainy,Low,Evening,Bike,28,9.0,79,Senior (6+ thn)
961,2.11,Clear,Low,Afternoon,Scooter,28,5.0,34,Menengah (3-5 thn)
685,18.62,Clear,Low,Evening,Scooter,27,6.0,75,Senior (6+ thn)
384,17.61,Clear,Medium,Morning,Scooter,19,3.0,80,Menengah (3-5 thn)
957,10.62,Rainy,Medium,Night,Bike,7,2.0,48,Pemula (0-2 thn)
752,18.83,Clear,Medium,Night,Bike,8,0.0,68,Pemula (0-2 thn)
258,14.07,Clear,Medium,Morning,Bike,16,9.0,73,Senior (6+ thn)
539,9.29,Clear,Medium,Evening,Bike,10,9.0,40,Senior (6+ thn)
336,1.29,Rainy,Low,Evening,Bike,7,7.0,15,Senior (6+ thn)
16,4.08,Windy,Medium,Afternoon,Bike,7,0.0,33,Pemula (0-2 thn)
325,19.12,Windy,High,Evening,Car,8,0.0,92,Pemula (0-2 thn)
759,17.93,Clear,Medium,Afternoon,Bike,29,4.0,85,Menengah (3-5 thn)
223,2.33,Clear,Low,Morning,Car,6,1.0,17,Pemula (0-2 thn)
180,3.18,Rainy,Medium,Evening,Bike,21,3.0,42,Menengah (3-5 thn)
984,1.97,Clear,High,Morning,Car,28,7.0,43,Senior (6+ thn)
23,6.2,Windy,High,Evening,Scooter,7,3.0,42,Menengah (3-5 thn)
357,1.02,Windy,High,Evening,Bike,6,8.0,21,Senior (6+ thn)
667,5.3,Clear,Low,Evening,Bike,16,5.0,32,Menengah (3-5 thn)
862,9.34,Rainy,Low,Evening,Car,10,0.0,40,Pemula (0-2 thn)
341,10.09,Clear,Medium,Evening,Bike,7,0.0,49,Pemula (0-2 thn)
432,15.35,Rainy,High,Night,Scooter,23,9.0,80,Senior (6+ thn)
552,17.12,Rainy,Low,Morning,Bike,26,3.0,86,Menengah (3-5 thn)
834,3.94,Snowy,Low,Afternoon,Bike,19,3.0,43,Menengah (3-5 thn)
204,18.02,Clear,Medium,Evening,Car,12,3.0,77,Menengah (3-5 thn)
631,14.41,Snowy,Medium,Evening,Bike,8,8.0,75,Senior (6+ thn)
94,11.44,Rainy,Medium,Evening,Car,20,2.0,57,Pemula (0-2 thn)
559,15.23,Foggy,Low,Morning,Car,6,0.0,52,Pemula (0-2 thn)
69,1.95,Clear,Low,Morning,Scooter,16,2.0,23,Pemula (0-2 thn)
623,7.72,Rainy,Medium,Morning,Bike,11,5.0,36,Menengah (3-5 thn)
285,11.78,Clear,Low,Afternoon,Scooter,26,3.0,71,Menengah (3-5 thn)
845,3.4,Windy,Medium,Morning,Bike,11,6.0,30,Senior (6+ thn)
435,2.14,Clear,High,Evening,Bike,18,3.0,34,Menengah (3-5 thn)
154,10.04,Rainy,High,Afternoon,Bike,12,9.0,59,Senior (6+ thn)
76,14.72,Clear,Medium,Evening,Scooter,15,8.0,80,Senior (6+ thn)
731,3.7,Clear,Medium,Morning,Bike,28,7.0,45,Senior (6+ thn)
447,19.73,Rainy,Low,Evening,Bike,8,8.0,64,Senior (6+ thn)
189,10.83,Clear,Medium,Evening,Scooter,8,9.0,51,Senior (6+ thn)
272,16.3,Foggy,Low,Morning,Car,12,1.0,100,Pemula (0-2 thn)
237,5.98,Foggy,High,Morning,Bike,14,6.0,44,Senior (6+ thn)
488,5.98,Rainy,High,Morning,Bike,21,2.0,60,Pemula (0-2 thn)
118,4.14,Foggy,Medium,Morning,Bike,21,0.0,46,Pemula (0-2 thn)
944,16.68,Clear,Medium,Afternoon,Bike,9,9.0,63,Senior (6+ thn)
513,18.69,Windy,Medium,Night,Bike,23,9.0,74,Senior (6+ thn)
826,18.44,Rainy,High,Morning,Bike,27,7.0,80,Senior (6+ thn)
592,13.0,Windy,High,Morning,Bike,22,8.0,65,Senior (6+ thn)
127,16.45,Clear,Medium,Evening,Scooter,25,3.0,87,Menengah (3-5 thn)
117,16.17,Clear,Medium,Evening,Car,10,2.0,116,Pemula (0-2 thn)
474,17.88,Clear,Medium,Evening,Bike,29,3.0,98,Menengah (3-5 thn)
694,5.23,Clear,Medium,Morning,Scooter,19,4.0,37,Menengah (3-5 thn)
58,4.32,Clear,Medium,Morning,Bike,17,4.0,36,Menengah (3-5 thn)
864,9.09,Rainy,Medium,Morning,Bike,6,7.0,43,Senior (6+ thn)
913,12.67,Windy,Medium,Morning,Scooter,7,3.0,43,Menengah (3-5 thn)
370,1.85,Clear,Medium,Evening,Bike,10,1.0,24,Pemula (0-2 thn)
269,7.51,Rainy,Low,Evening,Car,27,6.0,50,Senior (6+ thn)
47,6.58,Clear,Low,Afternoon,Bike,13,1.0,34,Pemula (0-2 thn)
350,12.7,Clear,Low,Morning,Scooter,22,2.0,57,Pemula (0-2 thn)
196,7.31,Foggy,Medium,Afternoon,Bike,26,2.0,65,Pemula (0-2 thn)
1000,9.2,Clear,High,Morning,Scooter,9,9.0,48,Senior (6+ thn)
835,10.22,Foggy,Low,Afternoon,Scooter,21,0.0,61,Pemula (0-2 thn)
737,8.15,Clear,High,Evening,Scooter,12,9.0,43,Senior (6+ thn)
264,10.61,Clear,Medium,Morning,Bike,17,0.0,59,Pemula (0-2 thn)
444,7.73,Clear,High,Night,Bike,29,5.0,58,Menengah (3-5 thn)
676,19.66,Clear,Low,Morning,Car,19,6.0,70,Senior (6+ thn)
305,14.66,Snowy,High,Morning,Car,5,6.0,71,Senior (6+ thn)
342,9.73,Clear,Low,Afternoon,Bike,29,6.0,60,Senior (6+ thn)
967,14.52,Clear,Medium,Afternoon,Car,26,5.0,86,Menengah (3-5 thn)
150,5.93,Foggy,High,Morning,Scooter,27,1.0,106,Pemula (0-2 thn)
125,4.94,Rainy,High,Evening,Scooter,28,4.0,63,Menengah (3-5 thn)
787,11.88,Rainy,High,Afternoon,Car,29,9.0,78,Senior (6+ thn)
51,19.41,Foggy,Medium,Morning,Car,7,6.0,66,Senior (6+ thn)
354,3.68,Clear,High,Afternoon,Car,16,6.0,47,Senior (6+ thn)
928,11.06,Clear,High,Evening,Bike,6,9.0,53,Senior (6+ thn)
143,10.2,Rainy,Medium,Afternoon,Bike,18,9.0,56,Senior (6+ thn)
471,0.74,Rainy,Low,Morning,Car,13,4.0,21,Menengah (3-5 thn)
400,15.21,Snowy,Medium,Afternoon,Bike,20,9.0,90,Senior (6+ thn)
626,7.69,Rainy,High,Morning,Scooter,16,3.0,58,Menengah (3-5 thn)
321,11.21,Clear,High,Afternoon,Scooter,23,1.0,76,Pemula (0-2 thn)
20,6.18,Clear,Medium,Evening,Bike,9,9.0,35,Senior (6+ thn)
810,2.71,Clear,Medium,Morning,Car,6,5.0,19,Menengah (3-5 thn)
791,3.49,Clear,Medium,Morning,Bike,17,2.0,38,Pemula (0-2 thn)
809,9.29,Clear,Medium,Morning,Bike,17,2.0,49,Pemula (0-2 thn)
408,0.71,Foggy,Low,Night,Bike,29,1.0,41,Pemula (0-2 thn)
538,5.32,Rainy,Low,Afternoon,Scooter,27,2.0,48,Pemula (0-2 thn)
621,4.1,Clear,Medium,Evening,Car,18,3.0,38,Menengah (3-5 thn)
39,13.84,Clear,Low,Morning,Scooter,18,5.0,64,Menengah (3-5 thn)
176,3.9,Rainy,High,Morning,Car,25,9.0,54,Senior (6+ thn)
246,18.6,Rainy,Medium,Morning,Car,28,9.0,77,Senior (6+ thn)
829,14.88,Snowy,Medium,Evening,Bike,10,0.0,64,Pemula (0-2 thn)
668,3.63,Windy,Medium,Morning,Car,22,9.0,39,Senior (6+ thn)
755,3.22,Windy,High,Morning,Car,7,7.0,27,Senior (6+ thn)
859,11.51,Foggy,Low,Afternoon,Car,5,7.0,57,Senior (6+ thn)
155,19.72,Rainy,Low,Afternoon,Bike,27,6.0,109,Senior (6+ thn)
288,11.08,Clear,Low,Evening,Scooter,28,2.0,58,Pemula (0-2 thn)
603,3.95,Clear,Medium,Morning,Car,28,5.0,47,Menengah (3-5 thn)
570,7.29,Clear,High,Evening,Car,11,7.0,48,Senior (6+ thn)
744,10.3,Clear,Low,Morning,Car,12,7.0,41,Senior (6+ thn)
18,10.73,Rainy,High,Afternoon,Car,27,6.0,83,Senior (6+ thn)
128,17.28,Clear,Low,Morning,Car,28,3.0,72,Menengah (3-5 thn)
323,13.37,Foggy,Medium,Evening,Scooter,16,9.0,71,Senior (6+ thn)
256,11.36,Clear,Medium,Morning,Scooter,8,2.0,52,Pemula (0-2 thn)
658,7.58,Clear,High,Afternoon,Scooter,19,9.0,57,Senior (6+ thn)
965,6.13,Rainy,High,Morning,Bike,25,6.0,59,Senior (6+ thn)
191,2.32,Clear,Low,Afternoon,Scooter,23,1.0,32,Pemula (0-2 thn)
116,17.49,Rainy,Low,Evening,Bike,27,9.0,97,Senior (6+ thn)
617,1.69,Windy,Medium,Afternoon,Car,11,7.0,20,Senior (6+ thn)
607,4.52,Clear,Low,Evening,Car,17,0.0,71,Pemula (0-2 thn)
181,7.15,Windy,Low,Morning,Bike,15,3.0,42,Menengah (3-5 thn)
302,10.86,Windy,Medium,Morning,Car,10,4.0,60,Menengah (3-5 thn)
760,15.88,Rainy,Low,Evening,Car,17,1.0,68,Pemula (0-2 thn)
713,9.7,Snowy,Low,Evening,Bike,6,5.0,45,Menengah (3-5 thn)
724,14.95,Clear,Medium,Morning,Bike,13,7.0,49,Senior (6+ thn)
686,11.36,Foggy,Low,Afternoon,Bike,6,4.0,47,Menengah (3-5 thn)
980,12.14,Foggy,High,Afternoon,Bike,12,0.0,65,Pemula (0-2 thn)
518,16.31,Foggy,Medium,Afternoon,Car,14,7.0,71,Senior (6+ thn)
985,14.7,Clear,Medium,Evening,Scooter,24,5.0,75,Menengah (3-5 thn)
46,13.42,Rainy,Medium,Evening,Bike,6,6.0,105,Senior (6+ thn)
910,7.9,Clear,Low,Afternoon,Scooter,22,5.0,48,Menengah (3-5 thn)
158,15.35,Foggy,Low,Morning,Car,5,3.0,56,Menengah (3-5 thn)
852,15.12,Foggy,Low,Morning,Bike,14,1.0,58,Pemula (0-2 thn)
172,0.82,Windy,Low,Morning,Car,18,9.0,23,Senior (6+ thn)
17,6.43,Clear,Low,Evening,Car,9,7.0,26,Senior (6+ thn)
512,8.66,Snowy,High,Morning,Bike,29,3.0,77,Menengah (3-5 thn)
49,11.16,Foggy,Medium,Afternoon,Car,21,4.0,77,Menengah (3-5 thn)
972,18.77,Foggy,Low,Afternoon,Car,15,5.0,71,Menengah (3-5 thn)
941,5.84,Clear,Medium,Evening,Bike,21,7.0,35,Senior (6+ thn)
516,1.01,Clear,High,Night,Bike,17,7.0,29,Senior (6+ thn)
953,3.92,Rainy,Medium,Night,Bike,20,9.0,41,Senior (6+ thn)
481,12.77,Foggy,Low,Morning,Bike,22,8.0,71,Senior (6+ thn)
284,2.33,Clear,Low,Evening,Bike,9,2.0,18,Pemula (0-2 thn)
719,2.92,Windy,High,Afternoon,Bike,24,4.0,48,Menengah (3-5 thn)
878,13.35,Rainy,Low,Evening,Scooter,14,4.0,91,Menengah (3-5 thn)
226,5.26,Rainy,Medium,Evening,Scooter,28,8.0,51,Senior (6+ thn)
27,4.39,Foggy,Medium,Night,Bike,12,8.0,38,Senior (6+ thn)
955,8.67,Windy,High,Morning,Bike,20,4.0,55,Menengah (3-5 thn)
438,16.53,Snowy,Low,Afternoon,Scooter,24,9.0,99,Senior (6+ thn)
952,13.47,Clear,Medium,Evening,Bike,19,4.0,59,Menengah (3-5 thn)
365,18.86,Snowy,Medium,Night,Bike,18,1.0,89,Pemula (0-2 thn)
230,12.81,Clear,Low,Morning,Bike,12,2.0,51,Pemula (0-2 thn)
38,2.4,Snowy,Low,Night,Scooter,27,5.0,42,Menengah (3-5 thn)
966,7.44,Rainy,Medium,Evening,Bike,6,1.0,39,Pemula (0-2 thn)
375,1.89,Clear,Medium,Evening,Scooter,13,7.0,22,Senior (6+ thn)
470,19.28,Snowy,Medium,Morning,Car,21,3.0,101,Menengah (3-5 thn)
968,6.29,Clear,Medium,Morning,Scooter,10,7.0,27,Senior (6+ thn)
851,1.81,Clear,Medium,Afternoon,Car,23,3.0,34,Menengah (3-5 thn)
705,1.74,Clear,Medium,Night,Bike,23,2.0,34,Pemula (0-2 thn)
842,13.44,Clear,Medium,Morning,Car,22,1.0,79,Pemula (0-2 thn)
195,7.11,Clear,Low,Afternoon,Scooter,27,5.0,48,Menengah (3-5 thn)
855,4.5,Windy,Low,Evening,Scooter,20,6.0,32,Senior (6+ thn)
865,8.31,Windy,Medium,Morning,Bike,6,5.0,44,Menengah (3-5 thn)
504,16.37,Clear,High,Morning,Bike,26,7.0,97,Senior (6+ thn)
970,9.78,Clear,Medium,Afternoon,Bike,18,3.0,58,Menengah (3-5 thn)
831,4.88,Windy,Medium,Afternoon,Scooter,26,7.0,48,Senior (6+ thn)
580,5.54,Rainy,Medium,Morning,Scooter,28,9.0,51,Senior (6+ thn)
969,11.54,Clear,High,Afternoon,Car,10,0.0,56,Pemula (0-2 thn)
163,12.85,Clear,Low,Afternoon,Scooter,5,5.0,54,Menengah (3-5 thn)
909,5.56,Clear,Low,Afternoon,Scooter,19,5.0,31,Menengah (3-5 thn)
153,3.33,Clear,Medium,Evening,Scooter,24,2.0,44,Pemula (0-2 thn)
802,3.47,Snowy,High,Night,Bike,24,9.0,53,Senior (6+ thn)
994,12.01,Clear,Low,Morning,Scooter,26,6.0,57,Senior (6+ thn)
756,15.98,Foggy,Low,Morning,Car,21,6.0,90,Senior (6+ thn)
112,3.64,Clear,Low,Morning,Scooter,16,3.0,26,Menengah (3-5 thn)
227,19.47,Clear,Low,Morning,Bike,16,8.0,83,Senior (6+ thn)
689,15.51,Rainy,Medium,Morning,Scooter,10,8.0,81,Senior (6+ thn)
104,10.42,Windy,Medium,Afternoon,Bike,28,3.0,72,Menengah (3-5 thn)
422,15.9,Rainy,Low,Evening,Car,19,5.0,78,Menengah (3-5 thn)
420,15.17,Windy,Low,Morning,Bike,25,4.0,77,Menengah (3-5 thn)
751,2.78,Rainy,Low,Morning,Bike,21,4.0,37,Menengah (3-5 thn)
587,1.98,Rainy,Low,Afternoon,Bike,22,0.0,39,Pemula (0-2 thn)
781,14.03,Clear,Low,Afternoon,Bike,17,2.0,65,Pemula (0-2 thn)
673,2.06,Foggy,Medium,Evening,Scooter,22,4.0,40,Menengah (3-5 thn)
120,11.02,Clear,High,Morning,Scooter,22,2.0,70,Pemula (0-2 thn)
54,17.95,Snowy,High,Morning,Scooter,16,5.0,96,Menengah (3-5 thn)
152,5.17,Foggy,Low,Morning,Bike,29,0.0,56,Pemula (0-2 thn)
404,16.62,Snowy,Low,Afternoon,Bike,26,8.0,94,Senior (6+ thn)
946,0.71,Rainy,Low,Morning,Car,25,8.0,31,Senior (6+ thn)
208,13.44,Clear,Medium,Evening,Scooter,9,5.0,55,Menengah (3-5 thn)
659,13.1,Clear,Low,Evening,Bike,28,2.0,72,Pemula (0-2 thn)
844,19.24,Rainy,High,Afternoon,Bike,9,7.0,75,Senior (6+ thn)
763,5.35,Clear,Medium,Afternoon,Scooter,24,6.0,43,Senior (6+ thn)
9,12.22,Clear,Low,Evening,Scooter,15,0.0,56,Pemula (0-2 thn)
808,18.55,Clear,Low,Afternoon,Car,11,9.0,69,Senior (6+ thn)
37,6.44,Clear,Low,Afternoon,Car,18,2.0,43,Pemula (0-2 thn)
453,8.77,Foggy,Medium,Evening,Car,14,7.0,49,Senior (6+ thn)
652,10.97,Clear,Low,Afternoon,Scooter,27,3.0,51,Menengah (3-5 thn)
254,6.68,Clear,High,Morning,Scooter,10,5.0,44,Menengah (3-5 thn)
304,12.93,Rainy,Low,Afternoon,Scooter,25,0.0,61,Pemula (0-2 thn)
747,7.99,Clear,Medium,Evening,Bike,18,4.0,42,Menengah (3-5 thn)
572,15.78,Clear,High,Afternoon,Scooter,12,1.0,68,Pemula (0-2 thn)
624,9.95,Windy,High,Evening,Scooter,21,5.0,72,Menengah (3-5 thn)
733,13.47,Rainy,Low,Afternoon,Scooter,7,6.0,46,Senior (6+ thn)
892,17.19,Clear,Medium,Afternoon,Bike,11,8.0,76,Senior (6+ thn)
263,3.23,Clear,High,Afternoon,Bike,17,9.0,33,Senior (6+ thn)
611,1.27,Foggy,High,Afternoon,Bike,25,9.0,46,Senior (6+ thn)
298,4.71,Clear,Low,Morning,Bike,20,6.0,31,Senior (6+ thn)
415,12.82,Rainy,Medium,Evening,Bike,28,9.0,72,Senior (6+ thn)
151,18.21,Clear,Low,Evening,Bike,6,3.0,74,Menengah (3-5 thn)
789,9.51,Clear,High,Morning,Bike,26,9.0,63,Senior (6+ thn)
641,0.89,Rainy,Low,Morning,Car,9,0.0,20,Pemula (0-2 thn)
890,5.24,Windy,High,Afternoon,Scooter,26,8.0,51,Senior (6+ thn)
551,10.64,Windy,Low,Evening,Car,11,9.0,36,Senior (6+ thn)
887,13.23,Clear,Medium,Night,Bike,20,8.0,70,Senior (6+ thn)
489,19.03,Clear,Medium,Morning,Scooter,8,8.0,65,Senior (6+ thn)
148,10.3,Rainy,Low,Evening,Bike,29,0.0,73,Pemula (0-2 thn)
147,12.39,Snowy,Medium,Evening,Bike,14,8.0,56,Senior (6+ thn)
721,18.8,Clear,High,Afternoon,Bike,23,7.0,95,Senior (6+ thn)
932,16.78,Rainy,Medium,Morning,Bike,22,1.0,70,Pemula (0-2 thn)
740,7.85,Clear,Low,Afternoon,Scooter,7,9.0,34,Senior (6+ thn)
660,11.63,Clear,Medium,Night,Scooter,29,7.0,57,Senior (6+ thn)
349,7.8,Windy,Medium,Afternoon,Car,17,6.0,44,Senior (6+ thn)
464,11.88,Rainy,Medium,Afternoon,Bike,5,1.0,63,Pemula (0-2 thn)
326,14.89,Clear,High,Evening,Car,22,9.0,88,Senior (6+ thn)
187,16.44,Rainy,High,Afternoon,Bike,12,5.0,86,Menengah (3-5 thn)
124,2.65,Clear,Medium,Afternoon,Car,14,4.0,35,Menengah (3-5 thn)
854,18.01,Foggy,High,Night,Bike,14,2.0,71,Pemula (0-2 thn)
609,10.32,Clear,Medium,Night,Car,24,5.0,49,Menengah (3-5 thn)
144,6.37,Rainy,Low,Afternoon,Car,29,4.0,56,Menengah (3-5 thn)
959,3.74,Rainy,Low,Morning,Bike,19,6.0,36,Senior (6+ thn)
198,17.99,Windy,High,Evening,Bike,5,1.0,73,Pemula (0-2 thn)
610,13.96,Rainy,Low,Night,Bike,5,1.0,42,Pemula (0-2 thn)
280,16.02,Clear,Low,Evening,Bike,20,7.0,61,Senior (6+ thn)
294,7.52,Clear,Medium,Afternoon,Car,17,9.0,44,Senior (6+ thn)
401,2.51,Clear,Low,Morning,Bike,16,2.0,28,Pemula (0-2 thn)
123,6.7,Foggy,High,Morning,Scooter,23,3.0,59,Menengah (3-5 thn)
184,17.61,Windy,Low,Morning,Bike,5,8.0,61,Senior (6+ thn)
203,3.65,Clear,Medium,Morning,Bike,29,9.0,46,Senior (6+ thn)
439,14.27,Clear,Medium,Night,Car,24,3.0,77,Menengah (3-5 thn)
247,8.85,Clear,Low,Afternoon,Bike,11,9.0,45,Senior (6+ thn)
416,9.24,Windy,Medium,Afternoon,Bike,8,2.0,49,Pemula (0-2 thn)
933,19.7,Rainy,Low,Evening,Car,16,6.0,66,Senior (6+ thn)
766,11.61,Clear,High,Morning,Car,19,1.0,67,Pemula (0-2 thn)
907,16.44,Windy,High,Afternoon,Car,8,0.0,80,Pemula (0-2 thn)
836,8.67,Rainy,High,Afternoon,Bike,12,7.0,104,Senior (6+ thn)
888,5.14,Clear,Medium,Evening,Scooter,23,7.0,43,Senior (6+ thn)
130,10.46,Clear,Medium,Evening,Bike,25,3.0,68,Menengah (3-5 thn)
638,5.23,Clear,Medium,Morning,Scooter,23,2.0,47,Pemula (0-2 thn)
403,10.35,Clear,Medium,Night,Bike,7,9.0,48,Senior (6+ thn)
785,4.04,Rainy,High,Evening,Bike,14,6.0,39,Senior (6+ thn)
771,2.66,Clear,Low,Afternoon,Bike,16,8.0,21,Senior (6+ thn)
736,17.61,Foggy,Medium,Afternoon,Bike,9,5.0,74,Menengah (3-5 thn)
914,8.48,Clear,High,Night,Bike,11,5.0,39,Menengah (3-5 thn)
220,17.06,Clear,Low,Evening,Bike,9,9.0,66,Senior (6+ thn)
642,6.78,Foggy,Low,Night,Bike,18,6.0,42,Senior (6+ thn)
916,9.0,Snowy,Medium,Afternoon,Car,29,3.0,78,Menengah (3-5 thn)
753,12.74,Clear,Low,Afternoon,Scooter,12,0.0,63,Pemula (0-2 thn)
807,18.72,Rainy,Medium,Afternoon,Bike,17,0.0,89,Pemula (0-2 thn)
920,3.23,Clear,Low,Morning,Bike,7,7.0,14,Senior (6+ thn)
625,12.56,Clear,Low,Morning,Car,22,8.0,49,Senior (6+ thn)
875,1.0,Snowy,Medium,Morning,Bike,28,0.0,51,Pemula (0-2 thn)
761,3.46,Clear,Low,Morning,Bike,24,6.0,37,Senior (6+ thn)
387,6.0,Snowy,Low,Morning,Car,20,8.0,53,Senior (6+ thn)
973,14.79,Clear,Medium,Morning,Scooter,12,9.0,64,Senior (6+ thn)
510,14.65,Snowy,High,Morning,Car,19,3.0,95,Menengah (3-5 thn)
268,14.2,Clear,Medium,Afternoon,Bike,17,1.0,73,Pemula (0-2 thn)
820,7.04,Clear,Low,Afternoon,Bike,11,8.0,38,Senior (6+ thn)
442,19.74,Clear,Medium,Afternoon,Car,16,1.0,98,Pemula (0-2 thn)
497,11.88,Rainy,Medium,Evening,Bike,20,8.0,69,Senior (6+ thn)
113,18.63,Clear,Low,Evening,Bike,26,8.0,75,Senior (6+ thn)
692,8.8,Rainy,Medium,Afternoon,Bike,6,2.0,38,Pemula (0-2 thn)
233,11.75,Clear,High,Morning,Bike,9,2.0,55,Pemula (0-2 thn)
870,18.95,Snowy,Low,Morning,Car,27,0.0,92,Pemula (0-2 thn)
608,7.6,Foggy,Low,Morning,Bike,16,4.0,48,Menengah (3-5 thn)
672,17.99,Foggy,Low,Morning,Car,11,2.0,84,Pemula (0-2 thn)
374,13.82,Clear,Medium,Evening,Bike,21,9.0,72,Senior (6+ thn)
982,15.53,Foggy,Low,Evening,Bike,26,7.0,68,Senior (6+ thn)
843,3.97,Clear,High,Afternoon,Bike,19,8.0,40,Senior (6+ thn)
234,10.1,Clear,High,Morning,Car,17,6.0,55,Senior (6+ thn)
786,18.21,Foggy,Low,Morning,Bike,5,1.0,70,Pemula (0-2 thn)
677,2.68,Clear,Low,Morning,Bike,16,8.0,25,Senior (6+ thn)
318,3.88,Snowy,Low,Morning,Bike,9,6.0,33,Senior (6+ thn)
649,15.89,Snowy,Medium,Afternoon,Car,15,9.0,91,Senior (6+ thn)
411,6.73,Clear,Medium,Afternoon,Bike,21,1.0,54,Pemula (0-2 thn)
899,0.75,Clear,Medium,Afternoon,Bike,10,5.0,16,Menengah (3-5 thn)
710,13.79,Rainy,Low,Night,Scooter,11,0.0,69,Pemula (0-2 thn)
359,18.83,Clear,Medium,Evening,Scooter,5,8.0,69,Senior (6+ thn)
259,11.62,Clear,Low,Afternoon,Bike,9,8.0,33,Senior (6+ thn)
745,5.03,Clear,Medium,Morning,Bike,17,5.0,38,Menengah (3-5 thn)
628,15.08,Rainy,Medium,Evening,Scooter,26,1.0,94,Pemula (0-2 thn)
633,10.48,Rainy,Low,Afternoon,Car,10,7.0,45,Senior (6+ thn)
283,7.82,Rainy,Medium,Evening,Bike,16,8.0,45,Senior (6+ thn)
377,16.98,Clear,Low,Morning,Bike,11,6.0,78,Senior (6+ thn)
385,14.83,Rainy,Low,Morning,Car,19,4.0,126,Menengah (3-5 thn)
225,5.67,Clear,Low,Morning,Scooter,11,9.0,27,Senior (6+ thn)
954,18.33,Snowy,Medium,Morning,Scooter,5,5.0,67,Menengah (3-5 thn)
815,17.46,Clear,Medium,Morning,Scooter,6,5.0,62,Menengah (3-5 thn)
473,1.34,Foggy,High,Evening,Bike,9,5.0,30,Menengah (3-5 thn)
348,1.38,Clear,Low,Morning,Scooter,13,9.0,17,Senior (6+ thn)
506,3.67,Clear,Low,Morning,Bike,9,0.0,26,Pemula (0-2 thn)
640,7.86,Windy,Medium,Morning,Car,22,2.0,55,Pemula (0-2 thn)
988,8.98,Clear,Medium,Afternoon,Scooter,22,8.0,105,Senior (6+ thn)
929,12.85,Rainy,Medium,Evening,Scooter,6,7.0,61,Senior (6+ thn)
906,17.91,Clear,Low,Afternoon,Bike,6,7.0,68,Senior (6+ thn)
620,15.09,Snowy,Low,Morning,Car,20,7.0,68,Senior (6+ thn)
856,4.22,Clear,Medium,Morning,Bike,16,7.0,35,Senior (6+ thn)
804,12.33,Clear,High,Night,Bike,7,2.0,101,Pemula (0-2 thn)
646,17.87,Snowy,Low,Morning,Scooter,29,4.0,87,Menengah (3-5 thn)
847,2.16,Clear,Medium,Night,Car,10,1.0,23,Pemula (0-2 thn)
557,3.11,Rainy,Medium,Morning,Scooter,21,1.0,43,Pemula (0-2 thn)
958,1.42,Clear,High,Afternoon,Scooter,24,2.0,40,Pemula (0-2 thn)
578,18.57,Rainy,Medium,Afternoon,Bike,16,7.0,89,Senior (6+ thn)
796,17.51,Clear,Medium,Evening,Bike,15,3.0,60,Menengah (3-5 thn)
86,6.84,Clear,Medium,Evening,Bike,25,1.0,51,Pemula (0-2 thn)
243,18.34,Snowy,Medium,Afternoon,Scooter,22,5.0,91,Menengah (3-5 thn)
699,3.51,Windy,Medium,Night,Bike,22,2.0,44,Pemula (0-2 thn)
160,14.7,Clear,Medium,Morning,Scooter,6,2.0,58,Pemula (0-2 thn)
525,16.85,Clear,High,Morning,Car,17,4.0,71,Menengah (3-5 thn)
36,16.26,Rainy,Low,Morning,Car,27,5.0,66,Menengah (3-5 thn)
541,19.1,Snowy,Medium,Morning,Bike,25,6.0,90,Senior (6+ thn)
171,13.71,Rainy,Medium,Evening,Bike,22,9.0,64,Senior (6+ thn)
655,8.92,Clear,Medium,Morning,Bike,10,1.0,51,Pemula (0-2 thn)
891,14.58,Clear,Low,Evening,Bike,23,0.0,70,Pemula (0-2 thn)
858,9.71,Clear,Low,Afternoon,Car,27,5.0,61,Menengah (3-5 thn)
848,19.94,Clear,Low,Afternoon,Bike,26,6.0,83,Senior (6+ thn)
945,4.53,Snowy,Medium,Morning,Scooter,18,4.0,49,Menengah (3-5 thn)
734,10.7,Clear,High,Afternoon,Car,8,4.0,57,Menengah (3-5 thn)
96,10.13,Clear,Medium,Evening,Bike,22,0.0,65,Pemula (0-2 thn)
564,0.78,Clear,Low,Afternoon,Bike,11,0.0,18,Pemula (0-2 thn)
241,18.84,Foggy,Medium,Afternoon,Scooter,25,8.0,88,Senior (6+ thn)
743,15.08,Snowy,Low,Evening,Bike,29,7.0,84,Senior (6+ thn)
575,17.32,Clear,Low,Evening,Scooter,10,3.0,77,Menengah (3-5 thn)
691,6.81,Clear,Medium,Evening,Bike,23,2.0,47,Pemula (0-2 thn)
461,2.79,Clear,High,Morning,Bike,23,7.0,38,Senior (6+ thn)
554,11.44,Foggy,High,Afternoon,Car,14,4.0,74,Menengah (3-5 thn)
889,2.44,Snowy,High,Evening,Bike,13,9.0,39,Senior (6+ thn)
207,2.48,Rainy,Low,Evening,Scooter,20,8.0,30,Senior (6+ thn)
393,7.75,Clear,Medium,Evening,Scooter,21,1.0,55,Pemula (0-2 thn)
795,0.85,Clear,Medium,Morning,Bike,9,8.0,17,Senior (6+ thn)
398,8.87,Clear,Low,Evening,Bike,19,3.0,55,Menengah (3-5 thn)
767,15.37,Snowy,Medium,Afternoon,Car,15,5.0,66,Menengah (3-5 thn)
849,10.29,Foggy,Medium,Evening,Scooter,25,4.0,67,Menengah (3-5 thn)
218,15.06,Rainy,Low,Morning,Bike,22,4.0,65,Menengah (3-5 thn)
5,3.54,Foggy,Low,Morning,Bike,23,7.0,37,Senior (6+ thn)
769,7.17,Clear,Medium,Morning,Scooter,7,9.0,29,Senior (6+ thn)
643,4.62,Rainy,Medium,Afternoon,Car,8,3.0,33,Menengah (3-5 thn)
930,5.53,Clear,Low,Morning,Car,10,8.0,27,Senior (6+ thn)
613,12.74,Rainy,Low,Afternoon,Bike,17,9.0,63,Senior (6+ thn)
739,9.06,Clear,High,Evening,Bike,26,3.0,61,Menengah (3-5 thn)
547,2.71,Foggy,Low,Morning,Bike,6,0.0,28,Pemula (0-2 thn)
726,16.92,Clear,Low,Night,Bike,23,5.0,78,Menengah (3-5 thn)
684,13.54,Foggy,Low,Morning,Bike,11,1.0,54,Pemula (0-2 thn)
99,1.0,Snowy,Medium,Morning,Bike,25,4.0,44,Menengah (3-5 thn)
805,8.77,Clear,Medium,Morning,Car,12,2.0,42,Pemula (0-2 thn)
728,16.01,Windy,Low,Morning,Car,28,0.0,84,Pemula (0-2 thn)
574,12.63,Foggy,Medium,Night,Scooter,8,8.0,49,Senior (6+ thn)
407,8.09,Foggy,Low,Evening,Car,22,2.0,56,Pemula (0-2 thn)
503,6.54,Clear,Medium,Night,Bike,10,7.0,39,Senior (6+ thn)
48,10.64,Clear,Medium,Afternoon,Scooter,14,5.0,45,Menengah (3-5 thn)
33,1.77,Clear,Medium,Evening,Bike,14,9.0,22,Senior (6+ thn)
780,13.0,Foggy,Low,Evening,Bike,25,7.0,77,Senior (6+ thn)
840,12.83,Clear,Low,Evening,Bike,5,8.0,50,Senior (6+ thn)
201,13.02,Snowy,High,Afternoon,Car,6,9.0,65,Senior (6+ thn)
135,18.89,Rainy,Medium,Morning,Scooter,22,1.0,74,Pemula (0-2 thn)
28,10.53,Foggy,High,Evening,Bike,25,8.0,72,Senior (6+ thn)
881,5.01,Rainy,Low,Afternoon,Bike,10,5.0,31,Menengah (3-5 thn)
231,16.0,Foggy,Medium,Afternoon,Scooter,13,3.0,65,Menengah (3-5 thn)
490,17.86,Clear,Low,Afternoon,Scooter,16,8.0,83,Senior (6+ thn)
773,2.99,Foggy,High,Afternoon,Bike,9,5.0,90,Menengah (3-5 thn)
379,16.38,Clear,Medium,Morning,Bike,6,2.0,51,Pemula (0-2 thn)
289,6.09,Clear,Medium,Night,Bike,7,4.0,27,Menengah (3-5 thn)
419,13.61,Clear,Low,Morning,Bike,26,0.0,66,Pemula (0-2 thn)
675,8.5,Snowy,High,Evening,Bike,14,7.0,56,Senior (6+ thn)
392,8.55,Clear,Low,Evening,Scooter,28,8.0,46,Senior (6+ thn)
593,4.05,Clear,Medium,Afternoon,Scooter,21,5.0,39,Menengah (3-5 thn)
499,19.5,Clear,High,Morning,Bike,18,2.0,73,Pemula (0-2 thn)
139,7.59,Clear,Medium,Afternoon,Scooter,16,3.0,37,Menengah (3-5 thn)
63,16.66,Snowy,High,Afternoon,Scooter,29,7.0,95,Senior (6+ thn)
472,19.41,Snowy,High,Evening,Car,21,3.0,100,Menengah (3-5 thn)
648,13.74,Foggy,Medium,Afternoon,Bike,6,1.0,56,Pemula (0-2 thn)
129,0.64,Clear,High,Night,Bike,10,3.0,24,Menengah (3-5 thn)
977,12.1,Clear,High,Afternoon,Bike,11,0.0,53,Pemula (0-2 thn)
521,12.09,Clear,Medium,Morning,Car,13,1.0,60,Pemula (0-2 thn)
839,11.82,Windy,Medium,Night,Bike,24,7.0,77,Senior (6+ thn)
963,5.28,Foggy,Low,Morning,Bike,27,6.0,53,Senior (6+ thn)
65,5.98,Clear,Low,Evening,Car,22,9.0,35,Senior (6+ thn)
813,2.93,Clear,Medium,Morning,Bike,24,8.0,94,Senior (6+ thn)
15,4.05,Snowy,Medium,Evening,Scooter,19,2.0,50,Pemula (0-2 thn)
157,13.61,Clear,Low,Morning,Scooter,12,2.0,43,Pemula (0-2 thn)
41,2.88,Rainy,Medium,Morning,Car,16,4.0,41,Menengah (3-5 thn)
493,5.91,Clear,Medium,Evening,Scooter,29,4.0,57,Menengah (3-5 thn)
380,6.0,Rainy,Medium,Evening,Scooter,21,2.0,47,Pemula (0-2 thn)
188,11.33,Clear,Medium,Afternoon,Scooter,29,7.0,77,Senior (6+ thn)
764,15.01,Clear,Medium,Morning,Bike,15,6.0,64,Senior (6+ thn)
217,6.85,Clear,High,Morning,Bike,16,5.0,48,Menengah (3-5 thn)
792,11.93,Snowy,High,Morning,Car,7,1.0,75,Pemula (0-2 thn)
53,18.82,Windy,Low,Morning,Car,5,3.0,77,Menengah (3-5 thn)
879,1.03,Clear,Medium,Afternoon,Bike,19,4.0,29,Menengah (3-5 thn)
338,14.22,Rainy,Medium,Evening,Car,25,8.0,84,Senior (6+ thn)
749,18.18,Snowy,High,Morning,Bike,17,3.0,85,Menengah (3-5 thn)
720,14.75,Clear,Low,Morning,Car,10,7.0,62,Senior (6+ thn)
725,11.7,Rainy,Low,Afternoon,Bike,17,5.0,60,Menengah (3-5 thn)
296,10.68,Clear,Low,Morning,Bike,14,1.0,42,Pemula (0-2 thn)
702,1.51,Clear,High,Evening,Bike,26,1.0,44,Pemula (0-2 thn)
252,8.01,Clear,High,Morning,Bike,8,6.0,48,Senior (6+ thn)
727,3.23,Rainy,Low,Morning,Car,25,7.0,42,Senior (6+ thn)
462,13.16,Rainy,High,Morning,Scooter,25,8.0,68,Senior (6+ thn)
456,10.11,Windy,Low,Morning,Bike,11,4.0,44,Menengah (3-5 thn)
997,18.39,Windy,Low,Afternoon,Bike,24,6.0,74,Senior (6+ thn)
816,10.62,Windy,Medium,Afternoon,Car,22,5.0,54,Menengah (3-5 thn)
863,10.73,Clear,Medium,Afternoon,Bike,7,5.0,57,Menengah (3-5 thn)
270,6.23,Clear,Medium,Evening,Car,20,1.0,51,Pemula (0-2 thn)
202,2.14,Clear,Low,Afternoon,Bike,25,1.0,36,Pemula (0-2 thn)
162,12.83,Clear,Medium,Morning,Bike,19,2.0,76,Pemula (0-2 thn)
556,8.37,Clear,High,Evening,Scooter,13,7.0,42,Senior (6+ thn)
730,3.69,Rainy,Medium,Afternoon,Bike,8,8.0,27,Senior (6+ thn)
402,18.1,Clear,Low,Morning,Scooter,8,5.0,77,Menengah (3-5 thn)
703,7.06,Clear,Low,Afternoon,Scooter,26,5.0,51,Menengah (3-5 thn)
477,1.94,Foggy,Low,Night,Bike,10,1.0,25,Pemula (0-2 thn)
822,0.59,Clear,Low,Afternoon,Bike,21,0.0,27,Pemula (0-2 thn)
772,17.01,Snowy,Low,Night,Bike,28,6.0,97,Senior (6+ thn)
106,5.36,Clear,Low,Afternoon,Scooter,11,4.0,30,Menengah (3-5 thn)
566,12.0,Clear,Low,Evening,Car,25,0.0,75,Pemula (0-2 thn)
390,16.23,Clear,Medium,Evening,Bike,6,0.0,54,Pemula (0-2 thn)
2,19.04,Rainy,Low,Evening,Car,12,6.0,60,Senior (6+ thn)
938,18.33,Foggy,Medium,Morning,Scooter,19,0.0,98,Pemula (0-2 thn)
983,2.58,Clear,Medium,Morning,Scooter,25,7.0,37,Senior (6+ thn)
562,4.65,Clear,Medium,Evening,Bike,21,1.0,46,Pemula (0-2 thn)
81,17.33,Snowy,Low,Evening,Scooter,12,3.0,79,Menengah (3-5 thn)
206,0.68,Snowy,High,Evening,Bike,29,8.0,50,Senior (6+ thn)
35,19.33,Clear,Medium,Morning,Bike,7,8.0,73,Senior (6+ thn)
776,3.42,Clear,Medium,Night,Car,11,9.0,24,Senior (6+ thn)
509,19.02,Rainy,High,Evening,Scooter,22,1.0,106,Pemula (0-2 thn)
428,17.81,Windy,High,Evening,Bike,21,4.0,122,Menengah (3-5 thn)
455,2.67,Clear,Medium,Night,Car,17,6.0,28,Senior (6+ thn)
367,19.24,Snowy,Low,Morning,Bike,26,1.0,114,Pemula (0-2 thn)
92,14.41,Rainy,Medium,Night,Bike,16,6.0,85,Senior (6+ thn)
340,2.41,Clear,Medium,Evening,Bike,15,9.0,25,Senior (6+ thn)
898,17.98,Clear,Low,Evening,Bike,5,8.0,45,Senior (6+ thn)
565,7.34,Foggy,Medium,Afternoon,Bike,22,5.0,93,Menengah (3-5 thn)
346,12.51,Clear,Medium,Evening,Bike,18,5.0,62,Menengah (3-5 thn)
777,4.97,Rainy,Low,Evening,Bike,17,9.0,34,Senior (6+ thn)
242,19.1,Snowy,Low,Afternoon,Bike,18,1.0,101,Pemula (0-2 thn)
14,4.64,Clear,Low,Afternoon,Bike,15,9.0,24,Senior (6+ thn)
316,14.07,Rainy,Low,Evening,Bike,10,5.0,63,Menengah (3-5 thn)
601,3.79,Clear,Medium,Morning,Bike,13,2.0,34,Pemula (0-2 thn)
388,3.96,Clear,Medium,Afternoon,Bike,23,5.0,44,Menengah (3-5 thn)
274,18.31,Clear,Medium,Afternoon,Bike,25,3.0,79,Menengah (3-5 thn)
167,6.76,Foggy,Medium,Night,Bike,7,6.0,42,Senior (6+ thn)
841,0.76,Clear,Low,Afternoon,Car,26,9.0,28,Senior (6+ thn)
993,5.81,Rainy,Medium,Evening,Bike,14,8.0,41,Senior (6+ thn)
647,12.08,Clear,High,Afternoon,Scooter,16,4.0,60,Menengah (3-5 thn)
819,1.57,Rainy,Low,Evening,Car,16,1.0,30,Pemula (0-2 thn)
485,11.89,Clear,Medium,Afternoon,Bike,28,0.0,79,Pemula (0-2 thn)
981,7.02,Clear,Medium,Evening,Car,23,2.0,53,Pemula (0-2 thn)
505,13.85,Clear,Low,Evening,Bike,29,5.0,71,Menengah (3-5 thn)
832,9.32,Rainy,Medium,Evening,Scooter,24,2.0,71,Pemula (0-2 thn)
244,7.72,Foggy,High,Evening,Bike,19,4.0,64,Menengah (3-5 thn)
567,8.15,Rainy,Low,Afternoon,Bike,26,2.0,50,Pemula (0-2 thn)
876,3.54,Rainy,Medium,Afternoon,Scooter,17,4.0,41,Menengah (3-5 thn)
563,3.16,Snowy,Low,Morning,Car,9,5.0,27,Menengah (3-5 thn)
687,11.65,Windy,Low,Night,Bike,10,3.0,53,Menengah (3-5 thn)
190,5.22,Snowy,Medium,Morning,Scooter,14,3.0,43,Menengah (3-5 thn)
783,5.41,Clear,High,Morning,Scooter,17,6.0,38,Senior (6+ thn)
700,9.88,Rainy,Medium,Morning,Car,7,0.0,43,Pemula (0-2 thn)
476,19.86,Rainy,High,Evening,Bike,12,8.0,71,Senior (6+ thn)
682,5.53,Windy,High,Morning,Bike,23,4.0,59,Menengah (3-5 thn)
511,12.46,Foggy,Low,Afternoon,Bike,10,1.0,62,Pemula (0-2 thn)
59,1.38,Clear,Medium,Morning,Car,6,3.0,17,Menengah (3-5 thn)
475,10.79,Clear,Medium,Evening,Scooter,24,1.0,65,Pemula (0-2 thn)
561,14.23,Clear,Medium,Afternoon,Scooter,23,7.0,70,Senior (6+ thn)
857,1.21,Snowy,Low,Afternoon,Bike,22,1.0,39,Pemula (0-2 thn)
748,11.1,Clear,Low,Afternoon,Bike,18,7.0,56,Senior (6+ thn)
253,17.1,Clear,Medium,Evening,Bike,25,5.0,65,Menengah (3-5 thn)
22,3.22,Clear,Medium,Afternoon,Bike,19,9.0,32,Senior (6+ thn)
314,19.27,Foggy,Medium,Morning,Car,29,9.0,85,Senior (6+ thn)
460,2.82,Rainy,Medium,Evening,Scooter,10,1.0,29,Pemula (0-2 thn)
161,7.67,Foggy,Medium,Afternoon,Scooter,22,8.0,59,Senior (6+ thn)
277,16.07,Clear,Medium,Evening,Bike,16,5.0,64,Menengah (3-5 thn)
956,7.97,Windy,Medium,Evening,Scooter,9,8.0,35,Senior (6+ thn)
192,18.0,Rainy,High,Night,Car,22,5.0,98,Menengah (3-5 thn)
386,16.17,Clear,Medium,Evening,Scooter,12,2.0,78,Pemula (0-2 thn)
806,14.86,Clear,High,Night,Scooter,15,4.0,91,Menengah (3-5 thn)
414,11.68,Clear,Medium,Afternoon,Scooter,25,7.0,70,Senior (6+ thn)
492,12.59,Clear,Low,Evening,Scooter,10,2.0,39,Pemula (0-2 thn)
344,8.96,Snowy,Medium,Morning,Car,6,5.0,51,Menengah (3-5 thn)
770,16.51,Clear,Medium,Morning,Bike,7,1.0,79,Pemula (0-2 thn)
309,16.01,Clear,Low,Afternoon,Car,12,4.0,72,Menengah (3-5 thn)
662,19.74,Rainy,High,Afternoon,Scooter,11,7.0,81,Senior (6+ thn)
131,8.64,Snowy,Low,Evening,Bike,29,4.0,62,Menengah (3-5 thn)
664,5.13,Clear,Medium,Morning,Car,16,1.0,38,Pemula (0-2 thn)
872,5.78,Clear,High,Morning,Bike,11,5.0,38,Menengah (3-5 thn)
100,2.6,Clear,Low,Afternoon,Bike,16,1.0,29,Pemula (0-2 thn)
373,2.34,Foggy,Medium,Morning,Bike,8,2.0,28,Pemula (0-2 thn)
88,12.93,Clear,Medium,Morning,Scooter,20,8.0,58,Senior (6+ thn)
459,1.6,Clear,Medium,Evening,Bike,14,8.0,24,Senior (6+ thn)
331,7.44,Rainy,Low,Evening,Bike,27,5.0,53,Menengah (3-5 thn)
215,14.39,Rainy,Medium,Morning,Scooter,6,5.0,50,Menengah (3-5 thn)
467,6.07,Clear,Low,Afternoon,Bike,18,4.0,35,Menengah (3-5 thn)
122,17.97,Windy,Medium,Morning,Scooter,28,7.0,92,Senior (6+ thn)
615,17.53,Clear,Low,Afternoon,Bike,14,6.0,79,Senior (6+ thn)
21,12.43,Rainy,High,Morning,Bike,13,6.0,70,Senior (6+ thn)
701,10.89,Windy,Medium,Evening,Bike,7,0.0,58,Pemula (0-2 thn)
72,4.37,Clear,Medium,Evening,Scooter,6,7.0,25,Senior (6+ thn)
107,8.5,Clear,High,Evening,Car,13,3.0,54,Menengah (3-5 thn)
271,16.28,Rainy,Low,Morning,Scooter,8,9.0,71,Senior (6+ thn)
861,15.62,Snowy,High,Evening,Scooter,26,2.0,81,Pemula (0-2 thn)
436,14.17,Clear,Low,Afternoon,Bike,8,0.0,55,Pemula (0-2 thn)
103,6.63,Foggy,Low,Night,Scooter,24,3.0,58,Menengah (3-5 thn)
